Country,Year,Region,Economic_Tier,Happiness_Rank,Global_Hunger_Rank,Human_Development_Rank,GDP_Per_Capita_Rank,Life_Expectancy_Rank,Corruption_Perception_Rank
Afghanistan,2000,Asia,4,195,208,187,212,186,185
Afghanistan,2001,Asia,4,198,207,188,215,186,185
Afghanistan,2002,Asia,4,196,208,192,213,185,185
Afghanistan,2003,Asia,4,196,207,195,214,183,185
Afghanistan,2004,Asia,4,194,210,197,214,183,185
Afghanistan,2005,Asia,4,197,207,198,213,183,185
Afghanistan,2006,Asia,4,198,210,198,214,184,184
Afghanistan,2007,Asia,4,198,208,201,213,186,185
Afghanistan,2008,Asia,4,198,208,205,213,184,185
Afghanistan,2009,Asia,4,195,209,202,211,185,184
Afghanistan,2010,Asia,4,195,209,200,207,184,184
Afghanistan,2011,Asia,4,197,208,201,209,185,184
Afghanistan,2012,Asia,4,198,208,201,207,184,184
Afghanistan,2013,Asia,4,197,209,201,209,185,184
Afghanistan,2014,Asia,4,195,208,199,208,187,184
Afghanistan,2015,Asia,4,196,209,202,210,190,183
Afghanistan,2016,Asia,4,196,209,205,209,189,183
Afghanistan,2017,Asia,4,197,208,208,210,190,183
Afghanistan,2018,Asia,4,196,209,209,215,192,183
Afghanistan,2019,Asia,4,198,209,210,215,191,184
Afghanistan,2020,Asia,4,195,209,210,212,198,183
Afghanistan,2021,Asia,4,195,208,214,216,200,183
Afghanistan,2022,Asia,4,197,208,213,216,181,183
Afghanistan,2023,Asia,4,196,209,211,216,184,183
Afghanistan,2024,Asia,4,197,210,213,216,184,183
Afghanistan,2025,Asia,4,198,207,213,216,184,183
Afghanistan,2026,Asia,4,198,209,213,216,184,183
Albania,2000,Europe,2,124,101,112,140,55,95
Albania,2001,Europe,2,124,101,109,138,56,96
Albania,2002,Europe,2,124,101,109,133,54,97
Albania,2003,Europe,2,124,101,105,131,54,95
Albania,2004,Europe,2,121,101,102,125,54,97
Albania,2005,Europe,2,124,101,101,124,52,97
Albania,2006,Europe,2,124,101,100,125,51,96
Albania,2007,Europe,2,124,101,99,122,48,95
Albania,2008,Europe,2,124,101,98,120,46,97
Albania,2009,Europe,2,124,101,98,120,46,97
Albania,2010,Europe,2,124,101,101,128,49,96
Albania,2011,Europe,2,124,101,100,129,50,96
Albania,2012,Europe,2,124,101,107,135,53,97
Albania,2013,Europe,2,124,101,108,132,55,96
Albania,2014,Europe,2,122,101,105,131,55,97
Albania,2015,Europe,2,123,101,104,129,54,97
Albania,2016,Europe,2,124,100,102,124,53,96
Albania,2017,Europe,2,124,101,101,125,52,97
Albania,2018,Europe,2,124,100,98,122,52,97
Albania,2019,Europe,2,124,101,96,119,52,97
Albania,2020,Europe,2,123,101,95,112,57,97
Albania,2021,Europe,2,124,101,92,109,62,96
Albania,2022,Europe,2,124,101,91,108,54,97
Albania,2023,Europe,2,122,1,90,104,54,97
Albania,2024,Europe,2,124,1,87,101,54,97
Albania,2025,Europe,2,124,1,86,101,54,97
Albania,2026,Europe,2,124,1,86,101,54,97
Algeria,2000,Asia,2,127,141,113,118,108,87
Algeria,2001,Asia,2,125,142,111,116,107,87
Algeria,2002,Asia,2,125,141,111,122,103,87
Algeria,2003,Asia,2,125,142,109,120,103,87
Algeria,2004,Asia,2,127,142,110,116,96,87
Algeria,2005,Asia,2,125,142,110,115,95,87
Algeria,2006,Asia,2,127,142,109,115,93,87
Algeria,2007,Asia,2,125,141,109,117,94,86
Algeria,2008,Asia,2,126,141,106,112,93,86
Algeria,2009,Asia,2,125,141,111,119,92,87
Algeria,2010,Asia,2,125,141,110,117,93,86
Algeria,2011,Asia,2,125,142,105,113,94,87
Algeria,2012,Asia,2,125,142,108,117,92,87
Algeria,2013,Asia,2,126,141,109,121,94,87
Algeria,2014,Asia,2,125,142,109,120,92,86
Algeria,2015,Asia,2,126,140,114,125,91,87
Algeria,2016,Asia,2,125,141,115,125,92,87
Algeria,2017,Asia,2,126,141,116,128,93,87
Algeria,2018,Asia,2,125,141,117,130,95,87
Algeria,2019,Asia,2,126,142,120,133,95,86
Algeria,2020,Asia,2,125,141,126,141,107,87
Algeria,2021,Asia,2,125,141,114,139,74,87
Algeria,2022,Asia,2,126,140,119,135,86,87
Algeria,2023,Asia,2,125,141,118,132,93,87
Algeria,2024,Asia,2,127,141,118,134,93,86
Algeria,2025,Asia,2,125,141,118,134,93,87
Algeria,2026,Asia,2,126,141,118,134,93,86
American Samoa,2000,Asia,1,32,1,37,5,96,60
American Samoa,2001,Asia,1,26,1,35,5,99,60
American Samoa,2002,Asia,1,30,1,67,67,100,60
American Samoa,2003,Asia,1,29,1,68,68,104,60
American Samoa,2004,Asia,1,33,1,73,72,100,59
American Samoa,2005,Asia,1,33,1,77,75,104,60
American Samoa,2006,Asia,1,32,1,77,82,104,60
American Samoa,2007,Asia,1,32,1,80,83,108,60
American Samoa,2008,Asia,1,35,1,81,85,108,60
American Samoa,2009,Asia,1,29,1,80,73,121,60
American Samoa,2010,Asia,1,27,1,80,84,111,60
American Samoa,2011,Asia,1,29,1,84,87,112,60
American Samoa,2012,Asia,1,31,1,82,87,113,59
American Samoa,2013,Asia,1,32,1,84,87,114,60
American Samoa,2014,Asia,1,30,1,82,86,116,59
American Samoa,2015,Asia,1,31,1,81,79,120,59
American Samoa,2016,Asia,1,29,1,81,78,118,60
American Samoa,2017,Asia,1,31,1,83,82,119,60
American Samoa,2018,Asia,1,31,1,82,81,120,60
American Samoa,2019,Asia,1,26,1,83,82,122,60
American Samoa,2020,Asia,1,32,1,81,77,112,60
American Samoa,2021,Asia,1,28,1,79,78,105,60
American Samoa,2022,Asia,1,27,1,81,76,123,60
American Samoa,2023,Asia,1,34,1,83,77,126,60
American Samoa,2024,Asia,1,33,1,84,79,126,60
American Samoa,2025,Asia,1,32,1,84,79,126,60
American Samoa,2026,Asia,1,31,1,84,79,126,60
Andorra,2000,Europe,1,49,82,19,40,2,78
Andorra,2001,Europe,1,49,83,15,35,2,78
Andorra,2002,Europe,1,47,83,13,28,2,78
Andorra,2003,Europe,1,48,82,10,22,2,78
Andorra,2004,Europe,1,50,84,11,22,2,78
Andorra,2005,Europe,1,50,83,11,22,2,78
Andorra,2006,Europe,1,51,83,10,23,2,78
Andorra,2007,Europe,1,49,83,9,24,2,78
Andorra,2008,Europe,1,46,84,8,27,1,78
Andorra,2009,Europe,1,51,83,9,25,2,78
Andorra,2010,Europe,1,48,83,12,32,2,78
Andorra,2011,Europe,1,49,83,14,33,2,78
Andorra,2012,Europe,1,48,83,18,35,2,78
Andorra,2013,Europe,1,51,82,16,36,2,78
Andorra,2014,Europe,1,49,84,18,33,2,78
Andorra,2015,Europe,1,53,82,21,33,3,78
Andorra,2016,Europe,1,46,1,20,34,3,78
Andorra,2017,Europe,1,49,1,21,35,4,78
Andorra,2018,Europe,1,50,1,22,34,4,78
Andorra,2019,Europe,1,47,1,24,36,6,78
Andorra,2020,Europe,1,50,1,40,37,46,78
Andorra,2021,Europe,1,49,1,32,37,19,78
Andorra,2022,Europe,1,48,1,23,35,4,78
Andorra,2023,Europe,1,49,1,24,35,8,78
Andorra,2024,Europe,1,49,1,23,35,8,79
Andorra,2025,Europe,1,48,1,23,35,8,78
Andorra,2026,Europe,1,47,1,23,35,8,78
Angola,2000,Africa,3,172,147,187,171,214,150
Angola,2001,Africa,3,169,148,188,174,213,150
Angola,2002,Africa,3,168,148,185,147,212,150
Angola,2003,Africa,3,169,147,183,144,208,150
Angola,2004,Africa,3,172,149,178,140,207,150
Angola,2005,Africa,3,168,148,171,134,208,150
Angola,2006,Africa,3,170,149,166,127,206,150
Angola,2007,Africa,3,168,148,164,126,205,150
Angola,2008,Africa,3,169,147,160,118,203,150
Angola,2009,Africa,3,169,147,163,132,201,150
Angola,2010,Africa,3,169,149,162,130,195,150
Angola,2011,Africa,3,169,147,161,124,195,150
Angola,2012,Africa,3,169,147,158,122,194,150
Angola,2013,Africa,3,167,148,158,123,194,150
Angola,2014,Africa,3,169,148,158,124,192,150
Angola,2015,Africa,3,171,148,162,140,191,150
Angola,2016,Africa,3,168,148,175,165,191,150
Angola,2017,Africa,3,169,148,168,156,191,150
Angola,2018,Africa,3,167,147,169,156,190,150
Angola,2019,Africa,3,170,147,173,161,190,150
Angola,2020,Africa,3,170,147,180,175,189,150
Angola,2021,Africa,3,168,148,176,169,185,150
Angola,2022,Africa,3,168,148,164,153,189,150
Angola,2023,Africa,3,169,147,170,162,191,150
Angola,2024,Africa,3,171,147,174,164,191,150
Angola,2025,Africa,3,169,147,174,164,191,150
Angola,2026,Africa,3,169,147,174,164,191,150
Antigua and Barbuda,2000,South America,1,30,1,60,59,56,74
Antigua and Barbuda,2001,South America,1,33,1,60,62,55,73
Antigua and Barbuda,2002,South America,1,29,1,60,61,55,74
Antigua and Barbuda,2003,South America,1,31,1,60,62,56,74
Antigua and Barbuda,2004,South America,1,30,1,61,63,61,74
Antigua and Barbuda,2005,South America,1,27,1,61,64,61,72
Antigua and Barbuda,2006,South America,1,29,1,63,64,62,74
Antigua and Barbuda,2007,South America,1,33,1,62,62,61,74
Antigua and Barbuda,2008,South America,1,31,1,63,64,61,73
Antigua and Barbuda,2009,South America,1,31,1,62,65,60,73
Antigua and Barbuda,2010,South America,1,31,1,66,67,60,73
Antigua and Barbuda,2011,South America,1,26,1,67,70,58,72
Antigua and Barbuda,2012,South America,1,32,1,67,70,60,74
Antigua and Barbuda,2013,South America,1,28,1,69,73,64,72
Antigua and Barbuda,2014,South America,1,32,1,69,72,68,74
Antigua and Barbuda,2015,South America,1,35,1,69,70,69,73
Antigua and Barbuda,2016,South America,1,33,1,69,72,70,74
Antigua and Barbuda,2017,South America,1,28,1,70,71,72,74
Antigua and Barbuda,2018,South America,1,34,1,68,71,74,72
Antigua and Barbuda,2019,South America,1,32,1,68,70,74,73
Antigua and Barbuda,2020,South America,1,26,1,70,73,65,73
Antigua and Barbuda,2021,South America,1,29,1,64,75,57,74
Antigua and Barbuda,2022,South America,1,34,1,68,72,66,73
Antigua and Barbuda,2023,South America,1,28,1,73,71,75,72
Antigua and Barbuda,2024,South America,1,32,1,73,72,77,72
Antigua and Barbuda,2025,South America,1,29,1,73,72,77,73
Antigua and Barbuda,2026,South America,1,33,1,73,72,77,73
Argentina,2000,South America,2,115,142,73,70,65,105
Argentina,2001,South America,2,118,141,75,71,68,105
Argentina,2002,South America,2,116,142,96,103,68,106
Argentina,2003,South America,2,118,143,93,99,71,106
Argentina,2004,South America,2,117,141,90,98,64,106
Argentina,2005,South America,2,114,141,89,97,63,106
Argentina,2006,South America,2,115,141,88,94,65,106
Argentina,2007,South America,2,112,142,87,91,75,106
Argentina,2008,South America,2,115,142,84,88,67,106
Argentina,2009,South America,2,118,142,84,89,69,106
Argentina,2010,South America,2,118,142,81,85,70,106
Argentina,2011,South America,2,117,140,79,80,70,106
Argentina,2012,South America,2,117,141,80,80,75,105
Argentina,2013,South America,2,117,143,82,81,80,106
Argentina,2014,South America,2,115,141,83,84,77,106
Argentina,2015,South America,2,116,142,80,75,71,106
Argentina,2016,South America,2,112,143,82,80,82,105
Argentina,2017,South America,2,115,142,80,78,75,106
Argentina,2018,South America,2,118,142,84,84,76,106
Argentina,2019,South America,2,116,143,88,94,77,105
Argentina,2020,South America,2,114,143,90,95,80,105
Argentina,2021,South America,2,114,142,89,88,86,105
Argentina,2022,South America,2,119,142,87,86,90,106
Argentina,2023,South America,2,116,142,85,85,79,105
Argentina,2024,South America,2,119,143,88,91,80,106
Argentina,2025,South America,2,113,142,88,90,80,106
Argentina,2026,South America,2,113,142,87,90,80,106
Armenia,2000,Europe,2,116,108,138,170,77,129
Armenia,2001,Europe,2,117,109,132,166,81,128
Armenia,2002,Europe,2,115,108,132,166,86,127
Armenia,2003,Europe,2,117,109,132,164,88,129
Armenia,2004,Europe,2,111,109,129,152,87,129
Armenia,2005,Europe,2,115,108,128,147,90,128
Armenia,2006,Europe,2,113,108,125,145,99,129
Armenia,2007,Europe,2,113,109,120,134,100,128
Armenia,2008,Europe,2,116,108,122,131,100,127
Armenia,2009,Europe,2,117,109,126,141,103,127
Armenia,2010,Europe,2,115,109,127,142,106,129
Armenia,2011,Europe,2,114,108,128,144,99,128
Armenia,2012,Europe,2,112,108,130,144,99,127
Armenia,2013,Europe,2,112,109,127,143,96,129
Armenia,2014,Europe,2,117,109,124,140,94,129
Armenia,2015,Europe,2,115,109,123,142,98,129
Armenia,2016,Europe,2,116,108,122,144,99,129
Armenia,2017,Europe,2,117,108,122,141,95,128
Armenia,2018,Europe,2,115,108,121,139,94,129
Armenia,2019,Europe,2,114,109,114,130,89,127
Armenia,2020,Europe,2,112,109,124,132,104,129
Armenia,2021,Europe,2,116,109,124,131,109,129
Armenia,2022,Europe,2,112,108,112,118,100,129
Armenia,2023,Europe,2,112,109,101,108,78,127
Armenia,2024,Europe,2,111,109,98,109,64,128
Armenia,2025,Europe,2,117,108,98,109,64,129
Armenia,2026,Europe,2,112,1,98,109,64,127
Aruba,2000,South America,1,29,31,52,43,76,81
Aruba,2001,South America,1,35,26,52,41,78,80
Aruba,2002,South America,1,33,27,50,38,80,79
Aruba,2003,South America,1,27,1,56,41,84,80
Aruba,2004,South America,1,31,1,57,46,83,80
Aruba,2005,South America,1,32,1,57,48,86,79
Aruba,2006,South America,1,30,1,58,49,86,80
Aruba,2007,South America,1,28,1,57,49,88,82
Aruba,2008,South America,1,30,1,59,50,88,79
Aruba,2009,South America,1,25,1,60,51,90,79
Aruba,2010,South America,1,30,1,61,51,91,79
Aruba,2011,South America,1,33,1,60,52,90,81
Aruba,2012,South America,1,26,1,61,53,90,80
Aruba,2013,South America,1,29,1,60,52,89,79
Aruba,2014,South America,1,27,1,60,54,89,79
Aruba,2015,South America,1,25,1,59,49,87,81
Aruba,2016,South America,1,36,1,58,47,89,79
Aruba,2017,South America,1,32,1,59,50,88,79
Aruba,2018,South America,1,27,1,59,51,89,79
Aruba,2019,South America,1,30,1,58,49,90,82
Aruba,2020,South America,1,30,1,62,56,84,80
Aruba,2021,South America,1,31,1,63,57,92,81
Aruba,2022,South America,1,31,1,59,52,83,83
Aruba,2023,South America,1,32,1,57,49,92,81
Aruba,2024,South America,1,27,1,56,45,92,81
Aruba,2025,South America,1,30,1,56,45,92,80
Aruba,2026,South America,1,27,1,56,45,92,81
Australia,2000,Asia,1,5,28,30,39,12,30
Australia,2001,Asia,1,5,32,37,43,12,31
Australia,2002,Asia,1,3,30,34,41,11,32
Australia,2003,Asia,1,2,1,34,38,10,30
Australia,2004,Asia,1,6,1,25,36,13,30
Australia,2005,Asia,1,4,1,21,35,10,31
Australia,2006,Asia,1,6,1,23,33,12,30
Australia,2007,Asia,1,6,1,23,34,12,30
Australia,2008,Asia,1,5,1,18,26,13,30
Australia,2009,Asia,1,5,1,19,26,12,30
Australia,2010,Asia,1,5,1,14,18,13,30
Australia,2011,Asia,1,5,1,8,11,14,31
Australia,2012,Asia,1,5,1,7,11,13,30
Australia,2013,Asia,1,3,1,7,11,14,31
Australia,2014,Asia,1,5,1,10,12,14,32
Australia,2015,Asia,1,7,1,13,15,14,31
Australia,2016,Asia,1,6,1,18,21,15,32
Australia,2017,Asia,1,4,1,17,20,19,31
Australia,2018,Asia,1,5,1,17,20,17,31
Australia,2019,Asia,1,5,1,17,20,19,30
Australia,2020,Asia,1,6,1,14,21,8,30
Australia,2021,Asia,1,5,1,11,19,9,31
Australia,2022,Asia,1,5,1,13,19,10,31
Australia,2023,Asia,1,4,1,15,20,20,30
Australia,2024,Asia,1,5,1,17,21,22,31
Australia,2025,Asia,1,6,1,16,21,22,32
Australia,2026,Asia,1,5,1,16,21,22,31
Austria,2000,Europe,1,56,70,31,31,24,58
Austria,2001,Europe,1,57,70,29,32,25,58
Austria,2002,Europe,1,54,70,28,29,27,58
Austria,2003,Europe,1,62,70,25,24,28,58
Austria,2004,Europe,1,60,70,22,25,26,58
Austria,2005,Europe,1,61,70,23,27,27,58
Austria,2006,Europe,1,57,69,25,30,24,58
Austria,2007,Europe,1,60,70,20,26,23,58
Austria,2008,Europe,1,58,70,20,23,24,58
Austria,2009,Europe,1,58,70,21,18,28,58
Austria,2010,Europe,1,60,70,27,25,30,58
Austria,2011,Europe,1,58,70,24,24,26,58
Austria,2012,Europe,1,59,70,26,26,28,58
Austria,2013,Europe,1,61,1,27,25,31,58
Austria,2014,Europe,1,57,1,26,24,28,58
Austria,2015,Europe,1,60,1,29,26,33,58
Austria,2016,Europe,1,61,1,26,24,29,58
Austria,2017,Europe,1,53,1,26,24,30,58
Austria,2018,Europe,1,54,1,25,24,32,58
Austria,2019,Europe,1,62,1,25,24,33,58
Austria,2020,Europe,1,59,1,25,24,34,58
Austria,2021,Europe,1,58,1,29,24,31,58
Austria,2022,Europe,1,55,1,27,26,32,58
Austria,2023,Europe,1,61,1,26,24,33,58
Austria,2024,Europe,1,56,1,26,24,36,58
Austria,2025,Europe,1,60,1,26,24,36,58
Austria,2026,Europe,1,60,1,26,24,36,58
Azerbaijan,2000,Europe,2,139,109,152,163,142,102
Azerbaijan,2001,Europe,2,140,108,151,164,140,103
Azerbaijan,2002,Europe,2,140,109,151,163,139,102
Azerbaijan,2003,Europe,2,138,108,148,163,140,103
Azerbaijan,2004,Europe,2,138,108,146,158,138,102
Azerbaijan,2005,Europe,2,140,109,140,146,138,102
Azerbaijan,2006,Europe,2,139,109,132,133,134,103
Azerbaijan,2007,Europe,2,141,108,126,120,134,102
Azerbaijan,2008,Europe,2,141,109,121,108,131,102
Azerbaijan,2009,Europe,2,142,108,120,113,128,103
Azerbaijan,2010,Europe,2,140,108,118,110,129,103
Azerbaijan,2011,Europe,2,141,109,113,106,129,102
Azerbaijan,2012,Europe,2,138,109,113,103,129,102
Azerbaijan,2013,Europe,2,142,108,111,102,123,103
Azerbaijan,2014,Europe,2,142,108,111,103,121,103
Azerbaijan,2015,Europe,2,141,108,119,119,121,103
Azerbaijan,2016,Europe,2,141,109,126,136,119,103
Azerbaijan,2017,Europe,2,139,109,126,136,121,103
Azerbaijan,2018,Europe,2,138,109,126,128,118,103
Azerbaijan,2019,Europe,2,139,108,125,126,115,103
Azerbaijan,2020,Europe,2,139,108,134,133,140,102
Azerbaijan,2021,Europe,2,140,108,123,121,126,102
Azerbaijan,2022,Europe,2,140,109,109,107,112,102
Azerbaijan,2023,Europe,2,143,108,113,116,111,102
Azerbaijan,2024,Europe,2,141,108,114,119,112,103
Azerbaijan,2025,Europe,2,138,109,114,119,112,102
Azerbaijan,2026,Europe,2,141,1,114,119,112,103
"Bahamas, The",2000,South America,1,9,24,49,30,85,36
"Bahamas, The",2001,South America,1,9,23,47,28,85,36
"Bahamas, The",2002,South America,1,15,24,46,27,85,37
"Bahamas, The",2003,South America,1,7,1,49,36,86,36
"Bahamas, The",2004,South America,1,14,1,55,39,82,36
"Bahamas, The",2005,South America,1,11,1,54,40,87,37
"Bahamas, The",2006,South America,1,8,1,55,41,88,37
"Bahamas, The",2007,South America,1,9,1,55,46,90,36
"Bahamas, The",2008,South America,1,10,1,58,49,96,36
"Bahamas, The",2009,South America,1,8,1,59,48,98,36
"Bahamas, The",2010,South America,1,9,1,59,47,102,36
"Bahamas, The",2011,South America,1,8,1,61,50,102,36
"Bahamas, The",2012,South America,1,9,1,60,46,107,36
"Bahamas, The",2013,South America,1,9,1,62,50,104,37
"Bahamas, The",2014,South America,1,9,1,61,47,104,36
"Bahamas, The",2015,South America,1,11,1,60,42,108,37
"Bahamas, The",2016,South America,1,10,1,60,45,107,36
"Bahamas, The",2017,South America,1,9,1,61,44,108,36
"Bahamas, The",2018,South America,1,14,1,63,44,108,36
"Bahamas, The",2019,South America,1,8,1,69,43,137,36
"Bahamas, The",2020,South America,1,9,1,66,49,109,36
"Bahamas, The",2021,South America,1,10,1,69,51,128,36
"Bahamas, The",2022,South America,1,11,1,61,47,103,36
"Bahamas, The",2023,South America,1,14,1,60,42,109,36
"Bahamas, The",2024,South America,1,14,1,59,42,109,36
"Bahamas, The",2025,South America,1,15,1,59,42,109,36
"Bahamas, The",2026,South America,1,8,1,59,42,109,37
Bahrain,2000,Asia,1,70,59,56,55,59,59
Bahrain,2001,Asia,1,69,55,58,56,58,59
Bahrain,2002,Asia,1,70,57,58,58,57,59
Bahrain,2003,Asia,1,68,57,58,60,55,59
Bahrain,2004,Asia,1,72,57,58,59,55,60
Bahrain,2005,Asia,1,69,56,58,57,55,59
Bahrain,2006,Asia,1,72,55,56,57,54,59
Bahrain,2007,Asia,1,70,57,56,57,52,59
Bahrain,2008,Asia,1,72,58,55,57,51,59
Bahrain,2009,Asia,1,72,1,54,61,49,59
Bahrain,2010,Asia,1,68,1,53,60,47,59
Bahrain,2011,Asia,1,71,1,51,55,45,59
Bahrain,2012,Asia,1,69,1,45,51,44,60
Bahrain,2013,Asia,1,72,1,45,51,45,59
Bahrain,2014,Asia,1,75,1,47,53,42,60
Bahrain,2015,Asia,1,72,1,46,52,43,60
Bahrain,2016,Asia,1,71,1,47,54,42,59
Bahrain,2017,Asia,1,72,1,47,54,44,59
Bahrain,2018,Asia,1,72,1,47,55,45,59
Bahrain,2019,Asia,1,72,1,47,54,45,59
Bahrain,2020,Asia,1,71,1,51,52,51,59
Bahrain,2021,Asia,1,72,1,51,56,51,59
Bahrain,2022,Asia,1,69,1,44,53,38,59
Bahrain,2023,Asia,1,69,1,47,57,41,59
Bahrain,2024,Asia,1,72,1,48,56,41,59
Bahrain,2025,Asia,1,70,1,48,56,41,59
Bahrain,2026,Asia,1,72,1,48,56,41,59
Bangladesh,2000,Asia,3,145,177,173,189,160,207
Bangladesh,2001,Asia,3,145,177,174,191,160,208
Bangladesh,2002,Asia,3,145,177,174,188,158,207
Bangladesh,2003,Asia,3,145,178,172,189,155,208
Bangladesh,2004,Asia,3,145,180,171,191,152,208
Bangladesh,2005,Asia,3,145,178,173,192,151,207
Bangladesh,2006,Asia,3,146,178,174,194,150,210
Bangladesh,2007,Asia,3,148,180,177,197,150,210
Bangladesh,2008,Asia,3,146,180,176,201,150,209
Bangladesh,2009,Asia,3,145,180,175,198,151,209
Bangladesh,2010,Asia,3,145,181,173,196,152,213
Bangladesh,2011,Asia,3,148,182,174,194,151,208
Bangladesh,2012,Asia,3,145,181,173,197,146,209
Bangladesh,2013,Asia,3,148,182,173,196,145,209
Bangladesh,2014,Asia,3,147,186,169,193,143,210
Bangladesh,2015,Asia,3,146,185,165,185,139,213
Bangladesh,2016,Asia,3,145,187,159,172,135,210
Bangladesh,2017,Asia,3,145,188,159,173,130,214
Bangladesh,2018,Asia,3,145,189,158,171,127,212
Bangladesh,2019,Asia,3,145,189,157,169,123,215
Bangladesh,2020,Asia,3,146,189,153,161,128,217
Bangladesh,2021,Asia,3,146,189,154,164,124,213
Bangladesh,2022,Asia,3,148,189,152,162,108,213
Bangladesh,2023,Asia,3,146,189,154,165,107,215
Bangladesh,2024,Asia,3,145,189,155,166,107,214
Bangladesh,2025,Asia,3,146,189,155,166,107,215
Bangladesh,2026,Asia,3,146,189,155,166,107,217
Barbados,2000,South America,1,31,87,61,61,60,9
Barbados,2001,South America,1,30,87,61,61,60,8
Barbados,2002,South America,1,27,86,61,60,62,9
Barbados,2003,South America,1,26,86,61,63,62,10
Barbados,2004,South America,1,23,85,62,64,63,10
Barbados,2005,South America,1,25,87,65,65,67,10
Barbados,2006,South America,1,31,87,64,65,68,10
Barbados,2007,South America,1,25,86,64,65,66,10
Barbados,2008,South America,1,29,87,65,68,71,8
Barbados,2009,South America,1,28,86,65,66,70,9
Barbados,2010,South America,1,23,86,62,63,73,10
Barbados,2011,South America,1,27,86,63,62,75,9
Barbados,2012,South America,1,25,85,64,63,77,9
Barbados,2013,South America,1,23,87,66,62,81,9
Barbados,2014,South America,1,25,87,67,63,81,9
Barbados,2015,South America,1,23,86,63,57,80,8
Barbados,2016,South America,1,28,86,65,59,79,9
Barbados,2017,South America,1,27,86,66,61,81,9
Barbados,2018,South America,1,29,1,67,63,85,7
Barbados,2019,South America,1,27,1,63,61,84,9
Barbados,2020,South America,1,25,87,63,63,71,9
Barbados,2021,South America,1,25,1,61,63,63,9
Barbados,2022,South America,1,23,1,66,60,91,10
Barbados,2023,South America,1,27,1,72,60,94,9
Barbados,2024,South America,1,24,1,72,61,96,9
Barbados,2025,South America,1,23,1,72,61,96,9
Barbados,2026,South America,1,29,1,72,61,96,10
Belarus,2000,Europe,2,103,122,129,137,122,134
Belarus,2001,Europe,2,104,122,129,140,127,134
Belarus,2002,Europe,2,105,124,128,134,129,134
Belarus,2003,Europe,2,101,123,125,132,130,134
Belarus,2004,Europe,2,101,124,121,127,129,134
Belarus,2005,Europe,2,105,123,119,118,130,134
Belarus,2006,Europe,2,106,124,116,113,127,134
Belarus,2007,Europe,2,102,123,114,111,126,134
Belarus,2008,Europe,2,100,123,109,104,126,134
Belarus,2009,Europe,2,101,124,115,108,125,134
Belarus,2010,Europe,2,105,122,115,108,128,134
Belarus,2011,Europe,2,105,123,117,110,130,134
Belarus,2012,Europe,2,102,122,112,107,119,134
Belarus,2013,Europe,2,102,122,107,101,117,134
Belarus,2014,Europe,2,102,123,103,98,111,134
Belarus,2015,Europe,2,105,124,111,113,109,134
Belarus,2016,Europe,2,102,122,117,122,109,134
Belarus,2017,Europe,2,105,124,111,120,107,134
Belarus,2018,Europe,2,102,124,110,114,106,134
Belarus,2019,Europe,2,105,122,110,109,107,134
Belarus,2020,Europe,2,103,121,108,108,121,134
Belarus,2021,Europe,2,104,122,104,107,111,134
Belarus,2022,Europe,2,102,123,106,106,113,134
Belarus,2023,Europe,2,102,122,111,110,113,134
Belarus,2024,Europe,2,102,123,111,108,114,134
Belarus,2025,Europe,2,105,122,111,108,114,134
Belarus,2026,Europe,2,105,121,111,108,114,134
Belgium,2000,Europe,1,25,57,40,37,32,51
Belgium,2001,Europe,1,24,57,38,36,32,51
Belgium,2002,Europe,1,23,59,33,31,34,50
Belgium,2003,Europe,1,28,58,32,29,36,50
Belgium,2004,Europe,1,26,58,28,28,32,49
Belgium,2005,Europe,1,29,58,29,29,32,51
Belgium,2006,Europe,1,23,58,30,31,30,50
Belgium,2007,Europe,1,24,59,30,30,29,51
Belgium,2008,Europe,1,23,57,29,29,32,49
Belgium,2009,Europe,1,24,1,28,23,33,51
Belgium,2010,Europe,1,32,1,30,30,33,51
Belgium,2011,Europe,1,30,1,29,30,33,50
Belgium,2012,Europe,1,22,1,32,32,37,51
Belgium,2013,Europe,1,25,1,30,31,37,50
Belgium,2014,Europe,1,22,1,30,30,35,50
Belgium,2015,Europe,1,24,1,33,32,36,50
Belgium,2016,Europe,1,24,1,30,31,32,51
Belgium,2017,Europe,1,26,1,32,30,33,51
Belgium,2018,Europe,1,23,1,30,29,33,50
Belgium,2019,Europe,1,29,1,31,28,30,51
Belgium,2020,Europe,1,23,1,31,27,37,50
Belgium,2021,Europe,1,27,1,27,29,25,51
Belgium,2022,Europe,1,26,1,25,28,28,49
Belgium,2023,Europe,1,23,1,25,25,27,49
Belgium,2024,Europe,1,28,1,25,26,31,51
Belgium,2025,Europe,1,27,1,25,26,31,50
Belgium,2026,Europe,1,28,1,25,26,31,50
Belize,2000,South America,2,112,93,93,82,123,123
Belize,2001,South America,2,111,94,93,83,122,124
Belize,2002,South America,2,111,93,92,80,122,123
Belize,2003,South America,2,112,94,96,82,123,125
Belize,2004,South America,2,112,93,97,89,122,125
Belize,2005,South America,2,109,95,99,95,124,125
Belize,2006,South America,2,111,94,104,99,123,125
Belize,2007,South America,2,110,94,108,104,124,124
Belize,2008,South America,2,113,93,111,107,124,124
Belize,2009,South America,2,111,93,112,107,122,124
Belize,2010,South America,2,108,93,119,112,125,124
Belize,2011,South America,2,109,93,121,120,125,125
Belize,2012,South America,2,111,94,120,120,127,124
Belize,2013,South America,2,111,93,120,122,126,124
Belize,2014,South America,2,109,93,120,119,124,125
Belize,2015,South America,2,110,93,118,109,125,124
Belize,2016,South America,2,109,94,118,108,125,125
Belize,2017,South America,2,112,93,118,115,125,123
Belize,2018,South America,2,111,93,120,120,125,125
Belize,2019,South America,2,113,94,119,117,124,124
Belize,2020,South America,2,110,93,118,121,125,125
Belize,2021,South America,2,110,94,117,116,127,125
Belize,2022,South America,2,109,1,120,113,131,125
Belize,2023,South America,2,109,1,117,114,118,124
Belize,2024,South America,2,108,1,117,114,120,125
Belize,2025,South America,2,110,1,117,114,120,124
Belize,2026,South America,2,111,1,117,114,120,124
Benin,2000,Africa,3,181,149,180,180,182,166
Benin,2001,Africa,3,180,150,180,178,183,165
Benin,2002,Africa,3,180,149,180,175,182,165
Benin,2003,Africa,3,180,149,178,171,185,165
Benin,2004,Africa,3,180,148,180,174,184,165
Benin,2005,Africa,3,180,149,180,177,184,165
Benin,2006,Africa,3,180,148,182,182,187,164
Benin,2007,Africa,3,182,149,184,181,187,165
Benin,2008,Africa,3,180,149,186,183,188,165
Benin,2009,Africa,3,180,149,188,183,191,165
Benin,2010,Africa,3,181,148,191,188,191,164
Benin,2011,Africa,3,180,149,192,190,194,166
Benin,2012,Africa,3,180,149,191,190,196,165
Benin,2013,Africa,3,180,149,190,189,198,164
Benin,2014,Africa,3,180,149,193,190,200,164
Benin,2015,Africa,3,181,149,192,191,201,166
Benin,2016,Africa,3,180,149,191,189,203,166
Benin,2017,Africa,3,180,149,191,189,204,165
Benin,2018,Africa,3,180,149,190,190,207,165
Benin,2019,Africa,3,180,149,192,189,207,165
Benin,2020,Africa,3,180,149,190,187,205,165
Benin,2021,Africa,3,180,149,191,186,207,165
Benin,2022,Africa,3,180,149,194,189,208,165
Benin,2023,Africa,3,180,149,193,186,209,165
Benin,2024,Africa,3,181,149,192,183,209,164
Benin,2025,Africa,3,180,149,192,183,209,164
Benin,2026,Africa,3,180,149,192,183,209,165
Bermuda,2000,North America,1,18,63,3,3,23,16
Bermuda,2001,North America,1,17,62,3,3,23,16
Bermuda,2002,North America,1,21,62,3,3,22,16
Bermuda,2003,North America,1,16,62,4,3,27,16
Bermuda,2004,North America,1,17,63,5,4,31,16
Bermuda,2005,North America,1,22,63,7,4,36,17
Bermuda,2006,North America,1,20,61,7,3,37,16
Bermuda,2007,North America,1,17,63,10,4,38,16
Bermuda,2008,North America,1,19,62,9,4,38,16
Bermuda,2009,North America,1,20,61,7,4,39,16
Bermuda,2010,North America,1,15,1,9,4,40,16
Bermuda,2011,North America,1,18,1,13,6,42,16
Bermuda,2012,North America,1,21,1,11,6,43,16
Bermuda,2013,North America,1,17,1,12,6,44,16
Bermuda,2014,North America,1,19,1,11,4,43,16
Bermuda,2015,North America,1,20,1,9,4,43,16
Bermuda,2016,North America,1,14,1,8,3,41,16
Bermuda,2017,North America,1,19,1,12,3,41,16
Bermuda,2018,North America,1,13,1,12,4,40,16
Bermuda,2019,North America,1,20,1,12,3,42,16
Bermuda,2020,North America,1,15,1,9,4,29,16
Bermuda,2021,North America,1,17,1,10,4,26,16
Bermuda,2022,North America,1,16,1,10,4,25,16
Bermuda,2023,North America,1,15,1,13,4,30,16
Bermuda,2024,North America,1,17,1,14,3,28,16
Bermuda,2025,North America,1,19,1,14,3,28,16
Bermuda,2026,North America,1,14,1,14,3,28,16
Bhutan,2000,Asia,3,187,178,161,157,162,178
Bhutan,2001,Asia,3,189,178,158,154,156,179
Bhutan,2002,Asia,3,187,178,157,153,152,179
Bhutan,2003,Asia,3,188,177,157,150,153,180
Bhutan,2004,Asia,3,186,177,156,151,150,179
Bhutan,2005,Asia,3,186,177,157,151,148,180
Bhutan,2006,Asia,3,185,177,157,155,148,180
Bhutan,2007,Asia,3,183,177,155,150,146,179
Bhutan,2008,Asia,3,186,177,156,157,146,179
Bhutan,2009,Asia,3,186,177,156,154,146,180
Bhutan,2010,Asia,3,186,177,154,156,143,179
Bhutan,2011,Asia,3,186,177,151,155,141,179
Bhutan,2012,Asia,3,190,177,152,155,141,178
Bhutan,2013,Asia,3,187,177,153,159,138,180
Bhutan,2014,Asia,3,184,177,153,159,137,179
Bhutan,2015,Asia,3,184,177,152,153,136,178
Bhutan,2016,Asia,3,184,176,150,149,134,179
Bhutan,2017,Asia,3,186,176,149,151,132,178
Bhutan,2018,Asia,3,190,176,150,152,130,179
Bhutan,2019,Asia,3,188,176,149,150,129,179
Bhutan,2020,Asia,3,188,176,148,155,120,178
Bhutan,2021,Asia,3,188,176,146,153,107,179
Bhutan,2022,Asia,3,187,176,149,148,122,178
Bhutan,2023,Asia,3,186,176,148,147,123,179
Bhutan,2024,Asia,3,188,176,146,149,123,179
Bhutan,2025,Asia,3,188,176,146,149,123,178
Bhutan,2026,Asia,3,184,176,146,149,123,178
Bolivia,2000,South America,3,154,167,156,146,159,160
Bolivia,2001,South America,3,155,167,156,148,161,159
Bolivia,2002,South America,3,153,167,158,154,161,160
Bolivia,2003,South America,3,151,167,160,162,162,160
Bolivia,2004,South America,3,151,167,161,164,162,160
Bolivia,2005,South America,3,152,167,161,165,160,160
Bolivia,2006,South America,3,152,167,162,164,160,159
Bolivia,2007,South America,3,151,167,161,165,159,160
Bolivia,2008,South America,3,154,167,159,160,160,160
Bolivia,2009,South America,3,154,167,159,159,160,160
Bolivia,2010,South America,3,150,167,160,160,159,159
Bolivia,2011,South America,3,154,167,159,160,159,159
Bolivia,2012,South America,3,153,167,159,159,156,160
Bolivia,2013,South America,3,154,167,157,156,156,159
Bolivia,2014,South America,3,154,167,157,155,157,159
Bolivia,2015,South America,3,150,167,157,152,156,160
Bolivia,2016,South America,3,154,167,157,152,156,160
Bolivia,2017,South America,3,149,167,152,137,156,160
Bolivia,2018,South America,3,151,167,153,138,156,160
Bolivia,2019,South America,3,155,167,152,141,159,159
Bolivia,2020,South America,3,152,167,164,143,190,159
Bolivia,2021,South America,3,152,167,165,142,193,159
Bolivia,2022,South America,3,154,167,158,142,167,159
Bolivia,2023,South America,3,155,167,157,143,162,159
Bolivia,2024,South America,3,155,167,157,146,163,159
Bolivia,2025,South America,3,154,167,157,146,163,159
Bolivia,2026,South America,3,155,167,157,146,163,159
Bosnia and Herzegovina,2000,Europe,2,97,106,106,136,49,128
Bosnia and Herzegovina,2001,Europe,2,99,105,106,135,49,129
Bosnia and Herzegovina,2002,Europe,2,101,105,105,129,49,128
Bosnia and Herzegovina,2003,Europe,2,97,105,102,125,50,128
Bosnia and Herzegovina,2004,Europe,2,102,106,100,123,51,128
Bosnia and Herzegovina,2005,Europe,2,100,105,102,125,54,129
Bosnia and Herzegovina,2006,Europe,2,99,105,103,122,57,128
Bosnia and Herzegovina,2007,Europe,2,101,106,102,118,58,129
Bosnia and Herzegovina,2008,Europe,2,103,105,100,117,56,129
Bosnia and Herzegovina,2009,Europe,2,100,106,102,115,56,129
Bosnia and Herzegovina,2010,Europe,2,96,105,103,125,57,128
Bosnia and Herzegovina,2011,Europe,2,100,106,104,127,59,129
Bosnia and Herzegovina,2012,Europe,2,97,106,109,128,61,128
Bosnia and Herzegovina,2013,Europe,2,101,105,106,128,61,128
Bosnia and Herzegovina,2014,Europe,2,103,105,106,128,65,128
Bosnia and Herzegovina,2015,Europe,2,98,107,105,126,67,128
Bosnia and Herzegovina,2016,Europe,2,101,105,105,123,69,127
Bosnia and Herzegovina,2017,Europe,2,101,106,107,122,66,129
Bosnia and Herzegovina,2018,Europe,2,101,106,102,119,60,128
Bosnia and Herzegovina,2019,Europe,2,99,106,106,118,69,129
Bosnia and Herzegovina,2020,Europe,2,101,105,97,111,78,127
Bosnia and Herzegovina,2021,Europe,2,97,105,97,108,78,128
Bosnia and Herzegovina,2022,Europe,2,100,105,100,109,77,126
Bosnia and Herzegovina,2023,Europe,2,99,105,98,106,69,129
Bosnia and Herzegovina,2024,Europe,2,101,105,97,105,69,129
Bosnia and Herzegovina,2025,Europe,2,100,105,97,105,69,128
Bosnia and Herzegovina,2026,Europe,2,99,1,97,105,69,129
Botswana,2000,Africa,2,123,130,145,97,193,98
Botswana,2001,Africa,2,123,130,149,97,193,99
Botswana,2002,Africa,2,122,133,152,97,193,99
Botswana,2003,Africa,2,121,131,145,93,196,99
Botswana,2004,Africa,2,120,133,141,90,196,99
Botswana,2005,Africa,2,122,131,143,91,194,99
Botswana,2006,Africa,2,119,130,148,100,194,99
Botswana,2007,Africa,2,122,131,144,107,191,99
Botswana,2008,Africa,2,122,132,149,110,190,99
Botswana,2009,Africa,2,121,133,149,111,190,99
Botswana,2010,Africa,2,119,130,146,107,189,98
Botswana,2011,Africa,2,123,131,146,104,190,99
Botswana,2012,Africa,2,122,131,146,109,190,99
Botswana,2013,Africa,2,122,130,146,113,189,99
Botswana,2014,Africa,2,124,131,143,110,188,99
Botswana,2015,Africa,2,124,133,143,110,184,99
Botswana,2016,Africa,2,123,132,138,105,180,99
Botswana,2017,Africa,2,119,130,133,105,175,99
Botswana,2018,Africa,2,122,130,130,107,166,99
Botswana,2019,Africa,2,120,130,131,107,164,99
Botswana,2020,Africa,2,120,131,128,109,159,98
Botswana,2021,Africa,2,123,132,139,105,184,99
Botswana,2022,Africa,2,120,132,126,105,158,99
Botswana,2023,Africa,2,124,131,131,111,158,99
Botswana,2024,Africa,2,123,134,133,115,158,99
Botswana,2025,Africa,2,122,131,133,115,158,99
Botswana,2026,Africa,2,121,130,133,115,158,99
Brazil,2000,South America,2,86,76,98,95,120,155
Brazil,2001,South America,2,86,78,99,98,118,154
Brazil,2002,South America,2,86,76,104,101,119,155
Brazil,2003,South America,2,86,76,104,103,115,154
Brazil,2004,South America,2,86,76,104,103,112,154
Brazil,2005,South America,2,86,78,97,99,110,155
Brazil,2006,South America,2,86,79,94,93,106,155
Brazil,2007,South America,2,86,76,95,89,104,155
Brazil,2008,South America,2,86,76,91,89,99,155
Brazil,2009,South America,2,86,77,86,84,97,154
Brazil,2010,South America,2,86,78,84,79,95,154
Brazil,2011,South America,2,86,76,83,78,96,155
Brazil,2012,South America,2,86,76,85,82,95,154
Brazil,2013,South America,2,86,77,85,84,97,154
Brazil,2014,South America,2,86,76,86,83,96,155
Brazil,2015,South America,2,86,1,92,93,92,155
Brazil,2016,South America,2,86,1,93,91,94,155
Brazil,2017,South America,2,86,1,90,89,94,155
Brazil,2018,South America,2,86,1,94,97,93,155
Brazil,2019,South America,2,86,1,95,99,94,154
Brazil,2020,South America,2,86,1,98,102,94,155
Brazil,2021,South America,2,86,1,98,104,99,155
Brazil,2022,South America,2,86,1,101,103,99,155
Brazil,2023,South America,2,86,1,99,102,97,154
Brazil,2024,South America,2,86,1,102,104,99,155
Brazil,2025,South America,2,86,1,102,104,99,154
Brazil,2026,South America,2,86,1,102,104,99,154
British Virgin Islands,2000,South America,1,38,18,18,5,57,70
British Virgin Islands,2001,South America,1,34,1,18,5,59,70
British Virgin Islands,2002,South America,1,31,1,15,5,59,71
British Virgin Islands,2003,South America,1,34,1,18,8,59,71
British Virgin Islands,2004,South America,1,36,1,29,9,60,70
British Virgin Islands,2005,South America,1,39,1,30,11,60,70
British Virgin Islands,2006,South America,1,36,1,36,13,60,71
British Virgin Islands,2007,South America,1,37,1,37,16,60,70
British Virgin Islands,2008,South America,1,32,1,38,18,62,71
British Virgin Islands,2009,South America,1,36,1,36,13,63,71
British Virgin Islands,2010,South America,1,33,1,36,11,64,70
British Virgin Islands,2011,South America,1,39,1,38,15,66,71
British Virgin Islands,2012,South America,1,33,1,37,12,67,71
British Virgin Islands,2013,South America,1,33,1,38,13,70,71
British Virgin Islands,2014,South America,1,34,1,37,14,71,71
British Virgin Islands,2015,South America,1,33,1,34,12,74,70
British Virgin Islands,2016,South America,1,32,1,36,10,73,71
British Virgin Islands,2017,South America,1,33,1,38,12,87,71
British Virgin Islands,2018,South America,1,37,1,37,13,77,71
British Virgin Islands,2019,South America,1,33,1,35,11,78,70
British Virgin Islands,2020,South America,1,31,1,29,9,69,71
British Virgin Islands,2021,South America,1,36,1,38,11,73,71
British Virgin Islands,2022,South America,1,36,1,30,14,70,70
British Virgin Islands,2023,South America,1,31,1,35,14,82,71
British Virgin Islands,2024,South America,1,34,1,37,13,81,70
British Virgin Islands,2025,South America,1,33,1,37,13,81,70
British Virgin Islands,2026,South America,1,32,1,37,13,81,70
Brunei Darussalam,2000,Asia,1,11,48,50,45,63,47
Brunei Darussalam,2001,Asia,1,15,48,53,46,66,47
Brunei Darussalam,2002,Asia,1,11,43,52,45,67,47
Brunei Darussalam,2003,Asia,1,14,50,52,46,69,46
Brunei Darussalam,2004,Asia,1,9,43,51,44,70,47
Brunei Darussalam,2005,Asia,1,18,43,47,39,71,48
Brunei Darussalam,2006,Asia,1,13,46,46,37,73,47
Brunei Darussalam,2007,Asia,1,16,1,48,38,73,47
Brunei Darussalam,2008,Asia,1,18,1,46,35,76,47
Brunei Darussalam,2009,Asia,1,9,1,52,42,78,47
Brunei Darussalam,2010,Asia,1,18,1,50,40,84,47
Brunei Darussalam,2011,Asia,1,15,1,44,34,86,48
Brunei Darussalam,2012,Asia,1,12,1,43,29,89,48
Brunei Darussalam,2013,Asia,1,15,1,48,32,93,47
Brunei Darussalam,2014,Asia,1,15,1,51,36,95,47
Brunei Darussalam,2015,Asia,1,13,1,56,44,96,46
Brunei Darussalam,2016,Asia,1,16,1,62,50,98,47
Brunei Darussalam,2017,Asia,1,15,1,63,52,100,46
Brunei Darussalam,2018,Asia,1,16,1,62,48,99,47
Brunei Darussalam,2019,Asia,1,10,1,62,50,102,47
Brunei Darussalam,2020,Asia,1,10,1,58,48,87,47
Brunei Darussalam,2021,Asia,1,15,1,59,49,76,47
Brunei Darussalam,2022,Asia,1,12,1,63,42,120,48
Brunei Darussalam,2023,Asia,1,16,1,64,53,101,47
Brunei Darussalam,2024,Asia,1,16,1,66,52,102,47
Brunei Darussalam,2025,Asia,1,10,1,66,52,102,47
Brunei Darussalam,2026,Asia,1,11,1,66,52,102,49
Bulgaria,2000,Europe,1,37,67,100,126,93,35
Bulgaria,2001,Europe,1,43,67,100,123,95,35
Bulgaria,2002,Europe,1,42,67,98,116,97,35
Bulgaria,2003,Europe,1,43,67,95,108,99,35
Bulgaria,2004,Europe,1,46,67,93,108,95,35
Bulgaria,2005,Europe,1,38,66,92,104,100,35
Bulgaria,2006,Europe,1,46,67,92,106,102,35
Bulgaria,2007,Europe,1,45,67,88,103,105,35
Bulgaria,2008,Europe,1,44,67,86,98,101,35
Bulgaria,2009,Europe,1,41,67,83,97,99,35
Bulgaria,2010,Europe,1,41,65,87,102,99,35
Bulgaria,2011,Europe,1,37,67,87,98,95,35
Bulgaria,2012,Europe,1,44,1,88,105,96,35
Bulgaria,2013,Europe,1,47,1,86,104,92,35
Bulgaria,2014,Europe,1,46,1,88,101,100,35
Bulgaria,2015,Europe,1,46,1,86,103,99,35
Bulgaria,2016,Europe,1,40,1,86,98,100,35
Bulgaria,2017,Europe,1,39,1,86,97,101,35
Bulgaria,2018,Europe,1,38,1,83,94,100,35
Bulgaria,2019,Europe,1,37,1,82,91,101,35
Bulgaria,2020,Europe,1,41,1,83,83,105,35
Bulgaria,2021,Europe,1,39,1,84,82,122,35
Bulgaria,2022,Europe,1,40,1,83,84,110,35
Bulgaria,2023,Europe,1,45,1,79,83,98,35
Bulgaria,2024,Europe,1,40,1,79,83,101,35
Bulgaria,2025,Europe,1,47,1,79,83,101,35
Bulgaria,2026,Europe,1,38,1,79,83,101,35
Burkina Faso,2000,Africa,4,210,217,187,206,198,214
Burkina Faso,2001,Africa,4,210,217,188,203,199,214
Burkina Faso,2002,Africa,4,210,217,192,204,200,214
Burkina Faso,2003,Africa,4,209,217,195,197,201,214
Burkina Faso,2004,Africa,4,210,217,197,202,201,214
Burkina Faso,2005,Africa,4,209,216,198,200,201,214
Burkina Faso,2006,Africa,4,210,217,198,199,203,214
Burkina Faso,2007,Africa,4,210,217,201,200,204,214
Burkina Faso,2008,Africa,4,210,217,205,200,204,214
Burkina Faso,2009,Africa,4,210,217,207,204,205,214
Burkina Faso,2010,Africa,4,210,217,208,203,204,214
Burkina Faso,2011,Africa,4,210,217,208,202,203,214
Burkina Faso,2012,Africa,4,209,217,206,201,204,214
Burkina Faso,2013,Africa,4,210,216,206,201,204,214
Burkina Faso,2014,Africa,4,210,216,206,202,203,214
Burkina Faso,2015,Africa,4,210,217,209,206,204,214
Burkina Faso,2016,Africa,4,209,217,209,205,205,214
Burkina Faso,2017,Africa,4,210,217,207,205,203,213
Burkina Faso,2018,Africa,4,210,217,205,202,203,213
Burkina Faso,2019,Africa,4,211,217,207,204,205,212
Burkina Faso,2020,Africa,4,209,217,205,202,203,213
Burkina Faso,2021,Africa,4,209,217,207,199,205,214
Burkina Faso,2022,Africa,4,210,217,208,206,207,212
Burkina Faso,2023,Africa,4,210,216,207,204,208,212
Burkina Faso,2024,Africa,4,209,216,205,203,208,212
Burkina Faso,2025,Africa,4,210,217,205,203,208,212
Burkina Faso,2026,Africa,4,209,217,205,203,208,212
Burundi,2000,Africa,4,213,200,187,216,209,203
Burundi,2001,Africa,4,213,200,188,216,207,203
Burundi,2002,Africa,4,213,200,192,216,206,203
Burundi,2003,Africa,4,213,200,195,217,206,203
Burundi,2004,Africa,4,213,200,197,217,203,203
Burundi,2005,Africa,4,213,200,198,217,202,203
Burundi,2006,Africa,4,213,200,198,217,202,203
Burundi,2007,Africa,4,213,200,201,217,201,203
Burundi,2008,Africa,4,213,200,205,217,200,203
Burundi,2009,Africa,4,213,200,208,217,199,203
Burundi,2010,Africa,4,213,200,210,217,197,203
Burundi,2011,Africa,4,213,200,212,217,197,203
Burundi,2012,Africa,4,213,200,214,217,197,203
Burundi,2013,Africa,4,213,200,214,217,196,203
Burundi,2014,Africa,4,213,200,214,217,195,203
Burundi,2015,Africa,4,213,200,214,217,195,203
Burundi,2016,Africa,4,213,200,213,217,196,203
Burundi,2017,Africa,4,213,200,214,217,195,203
Burundi,2018,Africa,4,213,200,215,217,195,203
Burundi,2019,Africa,4,213,200,216,217,195,203
Burundi,2020,Africa,4,213,200,216,217,192,203
Burundi,2021,Africa,4,213,200,215,217,190,203
Burundi,2022,Africa,4,212,200,215,217,198,203
Burundi,2023,Africa,4,213,200,217,217,196,203
Burundi,2024,Africa,4,213,200,217,217,198,203
Burundi,2025,Africa,4,213,200,217,217,198,203
Burundi,2026,Africa,4,213,200,217,217,198,203
Cabo Verde,2000,Africa,2,137,123,133,138,128,110
Cabo Verde,2001,Africa,2,133,125,128,141,126,109
Cabo Verde,2002,Africa,2,135,123,127,137,123,110
Cabo Verde,2003,Africa,2,136,122,122,136,122,110
Cabo Verde,2004,Africa,2,133,122,123,135,119,110
Cabo Verde,2005,Africa,2,134,124,127,137,119,110
Cabo Verde,2006,Africa,2,135,122,127,141,116,110
Cabo Verde,2007,Africa,2,133,124,121,128,114,110
Cabo Verde,2008,Africa,2,136,122,124,129,114,110
Cabo Verde,2009,Africa,2,135,122,122,131,111,110
Cabo Verde,2010,Africa,2,135,124,123,133,113,110
Cabo Verde,2011,Africa,2,134,122,124,135,109,110
Cabo Verde,2012,Africa,2,135,124,131,139,108,110
Cabo Verde,2013,Africa,2,135,123,130,138,107,110
Cabo Verde,2014,Africa,2,135,122,129,136,106,109
Cabo Verde,2015,Africa,2,133,122,126,144,106,110
Cabo Verde,2016,Africa,2,134,123,124,142,105,110
Cabo Verde,2017,Africa,2,135,122,123,140,102,110
Cabo Verde,2018,Africa,2,133,121,124,136,102,110
Cabo Verde,2019,Africa,2,134,124,122,136,99,110
Cabo Verde,2020,Africa,2,134,123,125,145,102,110
Cabo Verde,2021,Africa,2,135,123,118,145,81,110
Cabo Verde,2022,Africa,2,135,121,123,140,88,110
Cabo Verde,2023,Africa,2,135,121,121,141,96,110
Cabo Verde,2024,Africa,2,133,121,121,139,98,110
Cabo Verde,2025,Africa,2,133,123,121,139,98,110
Cabo Verde,2026,Africa,2,133,122,121,139,98,110
Cambodia,2000,Asia,3,190,145,182,200,170,173
Cambodia,2001,Asia,3,191,145,181,194,169,173
Cambodia,2002,Asia,3,190,146,179,196,167,173
Cambodia,2003,Asia,3,191,145,179,194,166,174
Cambodia,2004,Asia,3,189,145,176,194,164,174
Cambodia,2005,Asia,3,187,145,175,188,161,174
Cambodia,2006,Asia,3,189,145,173,188,157,172
Cambodia,2007,Asia,3,190,146,172,187,157,173
Cambodia,2008,Asia,3,187,145,171,189,157,173
Cambodia,2009,Asia,3,191,145,171,188,154,172
Cambodia,2010,Asia,3,189,145,169,189,153,172
Cambodia,2011,Asia,3,191,146,168,189,153,173
Cambodia,2012,Asia,3,191,145,167,187,152,173
Cambodia,2013,Asia,3,188,145,168,182,152,174
Cambodia,2014,Asia,3,191,145,166,178,149,174
Cambodia,2015,Asia,3,191,145,163,172,149,173
Cambodia,2016,Asia,3,188,145,163,171,148,173
Cambodia,2017,Asia,3,190,146,163,172,148,174
Cambodia,2018,Asia,3,187,145,162,168,149,173
Cambodia,2019,Asia,3,187,146,160,164,150,173
Cambodia,2020,Asia,3,187,146,159,166,144,173
Cambodia,2021,Asia,3,189,146,159,172,140,172
Cambodia,2022,Asia,3,191,145,160,169,149,172
Cambodia,2023,Asia,3,185,146,162,168,148,172
Cambodia,2024,Asia,3,191,146,162,165,148,172
Cambodia,2025,Asia,3,190,145,162,165,148,173
Cambodia,2026,Asia,3,189,145,162,165,148,172
Cameroon,2000,Africa,3,152,176,179,161,189,169
Cameroon,2001,Africa,3,151,176,178,163,190,168
Cameroon,2002,Africa,3,151,176,177,161,191,169
Cameroon,2003,Africa,3,153,175,174,155,189,168
Cameroon,2004,Africa,3,153,176,174,150,191,168
Cameroon,2005,Africa,3,150,175,178,160,192,168
Cameroon,2006,Africa,3,151,175,180,165,193,168
Cameroon,2007,Africa,3,150,175,181,168,194,168
Cameroon,2008,Africa,3,152,176,182,168,195,168
Cameroon,2009,Africa,3,150,176,183,165,198,168
Cameroon,2010,Africa,3,151,174,187,171,200,167
Cameroon,2011,Africa,3,151,176,187,171,202,168
Cameroon,2012,Africa,3,150,176,187,173,200,168
Cameroon,2013,Africa,3,149,175,186,174,199,167
Cameroon,2014,Africa,3,151,175,187,172,199,167
Cameroon,2015,Africa,3,154,175,188,174,198,168
Cameroon,2016,Africa,3,153,174,186,175,199,169
Cameroon,2017,Africa,3,151,175,188,178,198,168
Cameroon,2018,Africa,3,149,174,187,177,198,168
Cameroon,2019,Africa,3,150,174,188,179,197,169
Cameroon,2020,Africa,3,150,175,187,178,194,168
Cameroon,2021,Africa,3,156,174,187,180,198,168
Cameroon,2022,Africa,3,152,174,189,181,199,168
Cameroon,2023,Africa,3,152,174,186,180,195,168
Cameroon,2024,Africa,3,153,175,186,180,194,168
Cameroon,2025,Africa,3,153,175,186,180,194,167
Cameroon,2026,Africa,3,154,175,186,179,194,168
Canada,2000,North America,1,20,27,25,33,13,44
Canada,2001,North America,1,22,28,25,34,14,45
Canada,2002,North America,1,22,25,27,34,16,45
Canada,2003,North America,1,21,1,29,33,14,45
Canada,2004,North America,1,22,1,27,33,17,45
Canada,2005,North America,1,19,1,22,31,18,45
Canada,2006,North America,1,21,1,20,29,18,45
Canada,2007,North America,1,20,1,21,29,18,45
Canada,2008,North America,1,22,1,25,31,20,45
Canada,2009,North America,1,21,1,27,31,19,45
Canada,2010,North America,1,19,1,19,23,20,45
Canada,2011,North America,1,23,1,21,21,19,45
Canada,2012,North America,1,23,1,20,19,20,45
Canada,2013,North America,1,19,1,20,21,23,45
Canada,2014,North America,1,23,1,23,26,23,46
Canada,2015,North America,1,21,1,25,27,23,44
Canada,2016,North America,1,23,1,27,30,26,45
Canada,2017,North America,1,22,1,28,29,28,45
Canada,2018,North America,1,22,1,29,31,28,45
Canada,2019,North America,1,19,1,29,30,27,44
Canada,2020,North America,1,19,1,30,30,28,45
Canada,2021,North America,1,19,1,28,26,27,45
Canada,2022,North America,1,21,1,24,21,35,45
Canada,2023,North America,1,20,1,28,27,39,45
Canada,2024,North America,1,23,1,28,28,34,44
Canada,2025,North America,1,22,1,28,28,34,45
Canada,2026,North America,1,21,1,28,28,34,44
Cayman Islands,2000,South America,1,76,1,21,5,62,37
Cayman Islands,2001,South America,1,75,1,19,5,61,37
Cayman Islands,2002,South America,1,75,1,18,5,64,36
Cayman Islands,2003,South America,1,77,1,22,8,63,37
Cayman Islands,2004,South America,1,76,1,33,9,71,38
Cayman Islands,2005,South America,1,76,1,34,11,69,36
Cayman Islands,2006,South America,1,75,1,17,5,70,36
Cayman Islands,2007,South America,1,77,1,26,5,69,37
Cayman Islands,2008,South America,1,73,1,28,6,69,37
Cayman Islands,2009,South America,1,75,1,23,6,68,37
Cayman Islands,2010,South America,1,76,1,26,8,67,37
Cayman Islands,2011,South America,1,76,1,28,9,65,37
Cayman Islands,2012,South America,1,75,1,24,10,59,37
Cayman Islands,2013,South America,1,74,1,23,10,57,36
Cayman Islands,2014,South America,1,78,1,24,10,56,37
Cayman Islands,2015,South America,1,76,1,20,8,56,36
Cayman Islands,2016,South America,1,76,1,19,7,55,38
Cayman Islands,2017,South America,1,76,1,19,7,55,37
Cayman Islands,2018,South America,1,75,1,21,8,54,37
Cayman Islands,2019,South America,1,76,1,21,5,54,37
Cayman Islands,2020,South America,1,77,1,16,7,48,37
Cayman Islands,2021,South America,1,79,1,19,9,45,37
Cayman Islands,2022,South America,1,76,1,18,8,48,37
Cayman Islands,2023,South America,1,79,1,20,7,50,38
Cayman Islands,2024,South America,1,77,1,22,7,50,37
Cayman Islands,2025,South America,1,77,1,22,7,50,37
Cayman Islands,2026,South America,1,76,1,22,7,50,36
Central African Republic,2000,Africa,4,215,206,187,207,212,210
Central African Republic,2001,Africa,4,214,206,188,206,214,210
Central African Republic,2002,Africa,4,214,207,192,205,213,210
Central African Republic,2003,Africa,4,214,206,195,206,213,210
Central African Republic,2004,Africa,4,214,206,197,206,213,210
Central African Republic,2005,Africa,4,215,209,198,209,214,210
Central African Republic,2006,Africa,4,215,208,198,209,214,209
Central African Republic,2007,Africa,4,214,206,201,212,213,209
Central African Republic,2008,Africa,4,214,207,205,212,213,210
Central African Republic,2009,Africa,4,214,206,208,210,213,210
Central African Republic,2010,Africa,4,214,207,210,211,215,209
Central African Republic,2011,Africa,4,214,207,212,211,214,210
Central African Republic,2012,Africa,4,214,207,214,211,213,210
Central African Republic,2013,Africa,4,214,206,214,216,217,210
Central African Republic,2014,Africa,4,214,206,214,216,217,208
Central African Republic,2015,Africa,4,214,207,214,216,214,208
Central African Republic,2016,Africa,4,214,208,213,216,216,209
Central African Republic,2017,Africa,4,214,206,214,215,216,208
Central African Republic,2018,Africa,4,214,207,215,216,216,208
Central African Republic,2019,Africa,4,214,206,216,216,217,208
Central African Republic,2020,Africa,4,214,207,216,214,217,208
Central African Republic,2021,Africa,4,214,207,215,214,217,208
Central African Republic,2022,Africa,4,214,207,216,215,217,208
Central African Republic,2023,Africa,4,214,207,216,215,214,208
Central African Republic,2024,Africa,4,214,207,216,215,215,208
Central African Republic,2025,Africa,4,215,206,216,215,215,208
Central African Republic,2026,Africa,4,215,206,216,215,215,208
Chad,2000,Africa,4,208,212,187,213,206,217
Chad,2001,Africa,4,208,212,188,211,208,217
Chad,2002,Africa,4,208,212,192,211,209,217
Chad,2003,Africa,4,208,212,195,204,212,217
Chad,2004,Africa,4,207,212,197,193,212,217
Chad,2005,Africa,4,208,212,198,175,212,217
Chad,2006,Africa,4,207,212,198,175,213,217
Chad,2007,Africa,4,207,212,201,178,214,217
Chad,2008,Africa,4,209,212,201,174,214,217
Chad,2009,Africa,4,208,212,208,182,214,217
Chad,2010,Africa,4,208,212,209,181,212,217
Chad,2011,Africa,4,208,212,209,179,213,217
Chad,2012,Africa,4,208,212,209,177,214,217
Chad,2013,Africa,4,208,212,211,183,215,217
Chad,2014,Africa,4,207,212,211,184,214,217
Chad,2015,Africa,4,208,212,213,192,216,217
Chad,2016,Africa,4,208,212,213,195,215,217
Chad,2017,Africa,4,208,212,213,195,215,217
Chad,2018,Africa,4,209,212,214,194,215,217
Chad,2019,Africa,4,208,212,214,197,216,217
Chad,2020,Africa,4,208,212,214,196,215,216
Chad,2021,Africa,4,208,212,213,196,216,217
Chad,2022,Africa,4,208,212,214,201,214,217
Chad,2023,Africa,4,207,212,214,201,216,217
Chad,2024,Africa,4,208,212,214,204,216,217
Chad,2025,Africa,4,208,212,214,204,216,217
Chad,2026,Africa,4,207,212,214,204,216,216
Channel Islands,2000,Europe,1,33,1,8,15,18,28
Channel Islands,2001,Europe,1,42,1,9,14,19,29
Channel Islands,2002,Europe,1,41,1,8,10,19,29
Channel Islands,2003,Europe,1,39,1,9,13,19,29
Channel Islands,2004,Europe,1,45,1,8,7,21,29
Channel Islands,2005,Europe,1,34,1,9,8,19,29
Channel Islands,2006,Europe,1,41,1,9,8,19,29
Channel Islands,2007,Europe,1,39,1,6,7,17,29
Channel Islands,2008,Europe,1,38,1,5,9,18,29
Channel Islands,2009,Europe,1,33,1,10,12,20,29
Channel Islands,2010,Europe,1,37,1,13,15,21,29
Channel Islands,2011,Europe,1,36,1,15,13,21,29
Channel Islands,2012,Europe,1,42,1,16,14,24,29
Channel Islands,2013,Europe,1,43,1,15,16,24,29
Channel Islands,2014,Europe,1,35,1,13,11,26,29
Channel Islands,2015,Europe,1,39,1,14,14,32,29
Channel Islands,2016,Europe,1,35,1,21,18,35,29
Channel Islands,2017,Europe,1,42,1,22,19,39,28
Channel Islands,2018,Europe,1,32,1,19,19,38,28
Channel Islands,2019,Europe,1,38,1,20,18,43,29
Channel Islands,2020,Europe,1,42,1,19,17,36,29
Channel Islands,2021,Europe,1,42,1,20,18,38,29
Channel Islands,2022,Europe,1,38,1,19,17,37,28
Channel Islands,2023,Europe,1,38,1,17,16,44,29
Channel Islands,2024,Europe,1,35,1,19,15,45,28
Channel Islands,2025,Europe,1,42,1,19,15,45,29
Channel Islands,2026,Europe,1,37,1,20,15,45,29
Chile,2000,South America,1,57,1,68,77,35,66
Chile,2001,South America,1,55,1,70,84,38,66
Chile,2002,South America,1,59,1,71,82,37,66
Chile,2003,South America,1,50,1,70,85,37,65
Chile,2004,South America,1,57,1,68,80,38,65
Chile,2005,South America,1,56,1,67,81,38,66
Chile,2006,South America,1,50,1,66,78,39,65
Chile,2007,South America,1,56,1,66,79,39,66
Chile,2008,South America,1,54,1,69,81,41,66
Chile,2009,South America,1,52,1,68,78,41,65
Chile,2010,South America,1,54,1,65,75,43,66
Chile,2011,South America,1,55,1,62,72,44,66
Chile,2012,South America,1,53,1,62,72,47,66
Chile,2013,South America,1,58,1,61,71,46,65
Chile,2014,South America,1,58,1,63,75,47,66
Chile,2015,South America,1,56,1,66,76,46,65
Chile,2016,South America,1,53,1,64,76,45,66
Chile,2017,South America,1,52,1,64,76,42,65
Chile,2018,South America,1,59,1,64,77,44,65
Chile,2019,South America,1,50,1,65,79,46,66
Chile,2020,South America,1,53,1,68,80,47,66
Chile,2021,South America,1,54,1,62,76,47,66
Chile,2022,South America,1,56,1,72,82,52,65
Chile,2023,South America,1,53,1,67,82,43,65
Chile,2024,South America,1,58,1,70,84,43,66
Chile,2025,South America,1,56,1,70,84,43,66
Chile,2026,South America,1,56,1,70,85,43,65
China,2000,Asia,2,144,95,124,148,87,136
China,2001,Asia,2,144,93,122,144,86,138
China,2002,Asia,2,144,94,121,141,84,136
China,2003,Asia,2,144,93,121,139,78,137
China,2004,Asia,2,144,94,120,139,78,136
China,2005,Asia,2,144,93,120,142,75,136
China,2006,Asia,2,144,93,119,143,75,137
China,2007,Asia,2,144,93,117,140,74,137
China,2008,Asia,2,144,94,115,135,75,138
China,2009,Asia,2,144,95,107,127,72,137
China,2010,Asia,2,144,94,106,122,71,138
China,2011,Asia,2,144,94,101,119,73,137
China,2012,Asia,2,144,93,99,114,71,138
China,2013,Asia,2,144,94,96,107,71,138
China,2014,Asia,2,144,94,93,104,70,137
China,2015,Asia,2,144,95,88,97,68,136
China,2016,Asia,2,144,93,88,95,67,136
China,2017,Asia,2,144,94,88,95,68,137
China,2018,Asia,2,144,94,85,91,63,137
China,2019,Asia,2,144,93,84,92,61,138
China,2020,Asia,2,144,94,82,85,56,138
China,2021,Asia,2,143,93,78,84,50,138
China,2022,Asia,2,144,1,84,89,56,136
China,2023,Asia,2,144,1,86,91,68,137
China,2024,Asia,2,144,1,89,94,70,138
China,2025,Asia,2,144,1,89,94,70,137
China,2026,Asia,2,144,1,88,93,70,138
Colombia,2000,South America,2,129,102,101,104,103,100
Colombia,2001,South America,2,127,102,103,104,104,100
Colombia,2002,South America,2,131,102,107,105,104,100
Colombia,2003,South America,2,129,102,107,119,93,100
Colombia,2004,South America,2,131,102,109,115,90,100
Colombia,2005,South America,2,130,102,107,112,89,100
Colombia,2006,South America,2,129,102,106,114,87,100
Colombia,2007,South America,2,130,102,103,110,87,100
Colombia,2008,South America,2,132,102,101,109,85,100
Colombia,2009,South America,2,129,102,103,109,84,100
Colombia,2010,South America,2,131,102,99,105,82,100
Colombia,2011,South America,2,129,102,95,103,80,100
Colombia,2012,South America,2,127,102,93,100,78,100
Colombia,2013,South America,2,131,102,93,98,78,100
Colombia,2014,South America,2,129,102,94,99,80,100
Colombia,2015,South America,2,130,102,99,107,79,100
Colombia,2016,South America,2,131,102,100,110,78,100
Colombia,2017,South America,2,130,102,100,110,78,100
Colombia,2018,South America,2,131,102,104,111,80,100
Colombia,2019,South America,2,129,102,107,114,79,100
Colombia,2020,South America,2,130,102,106,119,93,100
Colombia,2021,South America,2,130,102,107,115,106,100
Colombia,2022,South America,2,130,102,104,116,81,100
Colombia,2023,South America,2,130,102,105,117,73,100
Colombia,2024,South America,2,130,1,104,112,74,100
Colombia,2025,South America,2,130,1,104,112,74,100
Colombia,2026,South America,2,130,1,104,112,74,100
Comoros,2000,Africa,3,184,154,170,168,172,159
Comoros,2001,Africa,3,188,154,165,165,170,158
Comoros,2002,Africa,3,185,154,163,162,170,158
Comoros,2003,Africa,3,183,154,162,157,170,159
Comoros,2004,Africa,3,185,154,163,157,171,159
Comoros,2005,Africa,3,183,154,164,161,172,159
Comoros,2006,Africa,3,186,154,169,167,173,158
Comoros,2007,Africa,3,184,154,170,169,175,159
Comoros,2008,Africa,3,184,154,169,169,174,158
Comoros,2009,Africa,3,185,154,170,167,176,159
Comoros,2010,Africa,3,185,154,171,172,176,158
Comoros,2011,Africa,3,183,154,172,170,176,158
Comoros,2012,Africa,3,188,154,174,172,175,158
Comoros,2013,Africa,3,183,154,175,173,175,158
Comoros,2014,Africa,3,185,154,176,173,175,158
Comoros,2015,Africa,3,188,154,178,180,173,159
Comoros,2016,Africa,3,183,154,177,180,174,159
Comoros,2017,Africa,3,183,154,180,181,178,159
Comoros,2018,Africa,3,184,154,178,179,179,159
Comoros,2019,Africa,3,184,154,180,180,180,158
Comoros,2020,Africa,3,185,154,178,179,174,158
Comoros,2021,Africa,3,184,154,178,182,173,158
Comoros,2022,Africa,3,185,154,182,184,177,158
Comoros,2023,Africa,3,184,154,178,179,178,158
Comoros,2024,Africa,3,183,154,178,179,179,158
Comoros,2025,Africa,3,184,154,178,179,179,158
Comoros,2026,Africa,3,185,154,178,178,179,158
"Congo, Dem. Rep.",2000,Africa,4,211,197,187,191,194,216
"Congo, Dem. Rep.",2001,Africa,4,211,197,188,213,194,216
"Congo, Dem. Rep.",2002,Africa,4,211,197,192,214,194,216
"Congo, Dem. Rep.",2003,Africa,4,211,197,195,215,194,216
"Congo, Dem. Rep.",2004,Africa,4,211,197,197,215,197,216
"Congo, Dem. Rep.",2005,Africa,4,211,197,198,215,196,216
"Congo, Dem. Rep.",2006,Africa,4,211,197,198,215,197,216
"Congo, Dem. Rep.",2007,Africa,4,211,196,201,215,198,216
"Congo, Dem. Rep.",2008,Africa,4,211,196,205,214,201,216
"Congo, Dem. Rep.",2009,Africa,4,211,196,208,215,204,216
"Congo, Dem. Rep.",2010,Africa,4,211,196,210,214,203,216
"Congo, Dem. Rep.",2011,Africa,4,211,196,212,214,204,216
"Congo, Dem. Rep.",2012,Africa,4,211,196,214,215,205,216
"Congo, Dem. Rep.",2013,Africa,4,211,196,214,214,205,216
"Congo, Dem. Rep.",2014,Africa,4,211,196,213,214,204,216
"Congo, Dem. Rep.",2015,Africa,4,211,196,211,212,206,216
"Congo, Dem. Rep.",2016,Africa,4,211,196,211,212,206,216
"Congo, Dem. Rep.",2017,Africa,4,211,196,212,216,206,216
"Congo, Dem. Rep.",2018,Africa,4,211,196,213,211,204,216
"Congo, Dem. Rep.",2019,Africa,4,210,196,213,213,204,216
"Congo, Dem. Rep.",2020,Africa,4,211,196,213,213,204,215
"Congo, Dem. Rep.",2021,Africa,4,211,196,210,211,206,216
"Congo, Dem. Rep.",2022,Africa,4,211,196,210,209,206,216
"Congo, Dem. Rep.",2023,Africa,4,211,196,210,209,205,216
"Congo, Dem. Rep.",2024,Africa,4,211,196,210,210,205,216
"Congo, Dem. Rep.",2025,Africa,4,211,196,210,210,205,216
"Congo, Dem. Rep.",2026,Africa,4,211,196,210,210,205,215
"Congo, Rep.",2000,Africa,3,174,170,167,144,185,191
"Congo, Rep.",2001,Africa,3,172,170,172,153,185,191
"Congo, Rep.",2002,Africa,3,174,169,169,151,184,192
"Congo, Rep.",2003,Africa,3,176,169,170,153,184,193
"Congo, Rep.",2004,Africa,3,173,170,164,146,181,191
"Congo, Rep.",2005,Africa,3,171,169,160,141,180,191
"Congo, Rep.",2006,Africa,3,175,169,160,144,180,191
"Congo, Rep.",2007,Africa,3,173,169,162,148,179,192
"Congo, Rep.",2008,Africa,3,171,170,158,144,177,193
"Congo, Rep.",2009,Africa,3,173,169,161,149,179,191
"Congo, Rep.",2010,Africa,3,177,169,161,146,178,191
"Congo, Rep.",2011,Africa,3,173,170,160,143,178,190
"Congo, Rep.",2012,Africa,3,172,169,160,140,178,190
"Congo, Rep.",2013,Africa,3,173,169,160,142,178,192
"Congo, Rep.",2014,Africa,3,171,169,160,145,178,190
"Congo, Rep.",2015,Africa,3,175,170,166,160,179,190
"Congo, Rep.",2016,Africa,3,175,169,170,163,182,192
"Congo, Rep.",2017,Africa,3,174,170,170,164,182,190
"Congo, Rep.",2018,Africa,3,175,169,165,158,182,189
"Congo, Rep.",2019,Africa,3,172,169,172,163,189,191
"Congo, Rep.",2020,Africa,3,175,169,174,169,183,192
"Congo, Rep.",2021,Africa,3,175,169,171,163,180,190
"Congo, Rep.",2022,Africa,3,174,170,172,164,187,189
"Congo, Rep.",2023,Africa,3,172,169,171,166,187,191
"Congo, Rep.",2024,Africa,3,169,169,173,171,188,189
"Congo, Rep.",2025,Africa,3,173,170,172,171,188,191
"Congo, Rep.",2026,Africa,3,175,169,172,171,188,190
Costa Rica,2000,South America,1,69,1,72,93,34,4
Costa Rica,2001,South America,1,71,1,72,89,37,4
Costa Rica,2002,South America,1,69,1,72,90,36,4
Costa Rica,2003,South America,1,72,1,73,94,34,4
Costa Rica,2004,South America,1,67,1,76,96,37,4
Costa Rica,2005,South America,1,72,1,76,100,35,4
Costa Rica,2006,South America,1,68,1,76,101,36,4
Costa Rica,2007,South America,1,68,1,76,100,37,4
Costa Rica,2008,South America,1,70,1,77,100,37,4
Costa Rica,2009,South America,1,69,1,74,100,37,4
Costa Rica,2010,South America,1,69,1,72,94,41,4
Costa Rica,2011,South America,1,68,1,72,93,43,4
Costa Rica,2012,South America,1,70,1,71,91,42,4
Costa Rica,2013,South America,1,67,1,71,89,42,4
Costa Rica,2014,South America,1,70,1,72,89,41,4
Costa Rica,2015,South America,1,66,1,68,82,42,3
Costa Rica,2016,South America,1,68,1,70,82,46,4
Costa Rica,2017,South America,1,69,1,71,81,45,4
Costa Rica,2018,South America,1,67,1,71,80,47,4
Costa Rica,2019,South America,1,70,1,72,80,47,4
Costa Rica,2020,South America,1,68,1,69,82,45,4
Costa Rica,2021,South America,1,69,1,74,83,53,3
Costa Rica,2022,South America,1,70,1,74,85,51,4
Costa Rica,2023,South America,1,70,1,69,81,48,4
Costa Rica,2024,South America,1,71,1,67,78,47,4
Costa Rica,2025,South America,1,71,1,67,78,47,4
Costa Rica,2026,South America,1,70,1,67,78,47,4
Cote d'Ivoire,2000,Africa,3,166,146,178,150,196,151
Cote d'Ivoire,2001,Africa,3,165,146,177,149,196,151
Cote d'Ivoire,2002,Africa,3,166,145,178,148,199,151
Cote d'Ivoire,2003,Africa,3,165,146,180,145,204,151
Cote d'Ivoire,2004,Africa,3,164,146,181,149,205,151
Cote d'Ivoire,2005,Africa,3,164,146,183,156,206,151
Cote d'Ivoire,2006,Africa,3,165,146,187,163,207,151
Cote d'Ivoire,2007,Africa,3,165,145,186,164,208,151
Cote d'Ivoire,2008,Africa,3,166,146,185,164,208,151
Cote d'Ivoire,2009,Africa,3,164,146,187,163,208,151
Cote d'Ivoire,2010,Africa,3,165,146,188,166,207,151
Cote d'Ivoire,2011,Africa,3,164,145,189,169,208,151
Cote d'Ivoire,2012,Africa,3,165,146,189,170,208,151
Cote d'Ivoire,2013,Africa,3,165,146,187,170,208,151
Cote d'Ivoire,2014,Africa,3,164,146,186,165,207,151
Cote d'Ivoire,2015,Africa,3,165,146,185,167,207,151
Cote d'Ivoire,2016,Africa,3,165,146,184,168,207,151
Cote d'Ivoire,2017,Africa,3,164,145,185,168,207,151
Cote d'Ivoire,2018,Africa,3,164,146,185,166,205,151
Cote d'Ivoire,2019,Africa,3,163,145,184,168,203,151
Cote d'Ivoire,2020,Africa,3,164,145,184,163,206,151
Cote d'Ivoire,2021,Africa,3,165,145,181,165,201,151
Cote d'Ivoire,2022,Africa,3,165,146,183,168,204,151
Cote d'Ivoire,2023,Africa,3,165,145,180,164,204,151
Cote d'Ivoire,2024,Africa,3,166,145,181,163,204,151
Cote d'Ivoire,2025,Africa,3,165,146,181,163,204,151
Cote d'Ivoire,2026,Africa,3,165,146,181,163,204,151
Croatia,2000,Europe,1,44,83,76,78,78,75
Croatia,2001,Europe,1,41,82,73,78,63,75
Croatia,2002,Europe,1,44,82,69,74,63,76
Croatia,2003,Europe,1,35,83,67,72,64,75
Croatia,2004,Europe,1,42,82,66,71,59,75
Croatia,2005,Europe,1,43,82,66,71,62,75
Croatia,2006,Europe,1,42,82,67,71,59,75
Croatia,2007,Europe,1,38,82,67,72,63,76
Croatia,2008,Europe,1,37,82,67,71,65,75
Croatia,2009,Europe,1,45,82,67,69,64,75
Croatia,2010,Europe,1,45,82,68,70,62,75
Croatia,2011,Europe,1,41,82,70,71,61,75
Croatia,2012,Europe,1,40,82,70,76,58,75
Croatia,2013,Europe,1,37,83,70,77,58,75
Croatia,2014,Europe,1,43,82,70,78,58,75
Croatia,2015,Europe,1,43,83,74,81,65,75
Croatia,2016,Europe,1,41,83,72,79,58,76
Croatia,2017,Europe,1,36,1,73,80,61,75
Croatia,2018,Europe,1,42,1,72,79,61,75
Croatia,2019,Europe,1,35,1,73,78,59,75
Croatia,2020,Europe,1,38,1,71,75,60,75
Croatia,2021,Europe,1,40,1,68,73,64,75
Croatia,2022,Europe,1,35,1,70,74,65,75
Croatia,2023,Europe,1,46,1,68,69,60,75
Croatia,2024,Europe,1,37,1,64,67,59,75
Croatia,2025,Europe,1,37,1,64,67,59,75
Croatia,2026,Europe,1,41,1,64,67,59,75
Cuba,2000,South America,2,100,134,90,102,45,118
Cuba,2001,South America,2,101,135,89,103,44,118
Cuba,2002,South America,2,98,134,87,100,45,118
Cuba,2003,South America,2,100,134,86,101,41,118
Cuba,2004,South America,2,96,134,87,107,45,118
Cuba,2005,South America,2,95,134,91,108,44,118
Cuba,2006,South America,2,101,137,91,110,49,118
Cuba,2007,South America,2,97,133,93,109,50,118
Cuba,2008,South America,2,97,135,96,116,50,118
Cuba,2009,South America,2,99,134,94,110,51,118
Cuba,2010,South America,2,94,135,94,114,50,118
Cuba,2011,South America,2,99,133,90,112,52,118
Cuba,2012,South America,2,100,133,92,113,52,118
Cuba,2013,South America,2,98,131,91,111,54,118
Cuba,2014,South America,2,98,134,92,109,57,118
Cuba,2015,South America,2,96,134,87,99,58,118
Cuba,2016,South America,2,98,137,87,96,62,118
Cuba,2017,South America,2,97,134,89,98,67,118
Cuba,2018,South America,2,98,133,91,100,70,118
Cuba,2019,South America,2,101,136,90,98,68,118
Cuba,2020,South America,2,99,133,84,88,62,118
Cuba,2021,South America,2,96,133,93,92,98,118
Cuba,2022,South America,2,101,134,89,95,62,118
Cuba,2023,South America,2,96,134,91,99,65,118
Cuba,2024,South America,2,98,132,91,98,66,118
Cuba,2025,South America,2,99,133,91,98,66,118
Cuba,2026,South America,2,97,133,91,98,66,118
Curacao,2000,South America,1,63,32,57,49,72,71
Curacao,2001,South America,1,65,33,56,49,75,71
Curacao,2002,South America,1,63,29,57,51,74,70
Curacao,2003,South America,1,61,32,59,55,77,70
Curacao,2004,South America,1,63,1,59,58,77,71
Curacao,2005,South America,1,62,1,59,58,79,71
Curacao,2006,South America,1,65,1,65,59,78,70
Curacao,2007,South America,1,64,1,65,63,81,71
Curacao,2008,South America,1,65,1,64,63,83,70
Curacao,2009,South America,1,63,1,64,60,85,70
Curacao,2010,South America,1,62,1,63,62,77,71
Curacao,2011,South America,1,62,1,64,63,76,70
Curacao,2012,South America,1,61,1,63,64,74,70
Curacao,2013,South America,1,65,1,64,64,75,70
Curacao,2014,South America,1,62,1,65,66,74,70
Curacao,2015,South America,1,61,1,64,60,76,71
Curacao,2016,South America,1,66,1,66,62,77,70
Curacao,2017,South America,1,65,1,68,65,77,70
Curacao,2018,South America,1,62,1,70,69,82,70
Curacao,2019,South America,1,66,1,70,66,85,71
Curacao,2020,South America,1,63,1,72,70,73,70
Curacao,2021,South America,1,67,1,71,72,69,70
Curacao,2022,South America,1,63,1,71,70,78,71
Curacao,2023,South America,1,64,1,75,73,85,70
Curacao,2024,South America,1,67,1,74,73,85,71
Curacao,2025,South America,1,63,1,74,73,85,71
Curacao,2026,South America,1,63,1,74,73,85,71
Cyprus,2000,Europe,1,84,86,48,54,28,40
Cyprus,2001,Europe,1,84,86,45,52,30,41
Cyprus,2002,Europe,1,83,87,43,53,24,40
Cyprus,2003,Europe,1,83,85,43,47,25,39
Cyprus,2004,Europe,1,84,87,41,45,30,41
Cyprus,2005,Europe,1,83,85,42,47,30,40
Cyprus,2006,Europe,1,84,85,42,46,27,39
Cyprus,2007,Europe,1,84,87,42,44,27,39
Cyprus,2008,Europe,1,84,85,39,43,30,39
Cyprus,2009,Europe,1,84,85,38,41,26,39
Cyprus,2010,Europe,1,84,87,40,44,27,39
Cyprus,2011,Europe,1,84,87,40,43,28,39
Cyprus,2012,Europe,1,84,86,40,44,25,40
Cyprus,2013,Europe,1,83,86,41,49,27,41
Cyprus,2014,Europe,1,84,86,42,52,33,39
Cyprus,2015,Europe,1,84,85,44,54,30,39
Cyprus,2016,Europe,1,84,87,43,52,31,39
Cyprus,2017,Europe,1,83,1,42,53,32,39
Cyprus,2018,Europe,1,84,1,43,53,34,41
Cyprus,2019,Europe,1,83,1,44,53,37,39
Cyprus,2020,Europe,1,84,86,42,46,33,39
Cyprus,2021,Europe,1,84,1,42,45,36,41
Cyprus,2022,Europe,1,84,1,43,50,45,41
Cyprus,2023,Europe,1,84,1,44,44,38,41
Cyprus,2024,Europe,1,84,1,44,44,40,40
Cyprus,2025,Europe,1,84,1,44,44,40,40
Cyprus,2026,Europe,1,84,1,44,44,40,39
Czechia,2000,Europe,1,46,35,69,75,51,17
Czechia,2001,Europe,1,47,36,67,72,54,19
Czechia,2002,Europe,1,43,36,64,70,56,18
Czechia,2003,Europe,1,47,35,63,67,60,20
Czechia,2004,Europe,1,44,1,63,66,56,18
Czechia,2005,Europe,1,46,1,63,66,58,19
Czechia,2006,Europe,1,43,1,59,66,53,18
Czechia,2007,Europe,1,47,1,58,61,55,18
Czechia,2008,Europe,1,42,1,57,58,54,18
Czechia,2009,Europe,1,46,1,56,59,55,19
Czechia,2010,Europe,1,44,1,57,61,55,18
Czechia,2011,Europe,1,44,1,56,60,53,18
Czechia,2012,Europe,1,45,1,59,62,54,18
Czechia,2013,Europe,1,46,1,59,63,52,17
Czechia,2014,Europe,1,42,1,59,65,52,18
Czechia,2015,Europe,1,45,1,61,65,53,17
Czechia,2016,Europe,1,45,1,59,63,51,18
Czechia,2017,Europe,1,46,1,58,60,51,18
Czechia,2018,Europe,1,41,1,56,57,53,19
Czechia,2019,Europe,1,42,1,55,57,53,17
Czechia,2020,Europe,1,43,1,55,55,54,18
Czechia,2021,Europe,1,47,1,53,54,56,18
Czechia,2022,Europe,1,43,1,53,57,53,18
Czechia,2023,Europe,1,43,1,51,55,53,18
Czechia,2024,Europe,1,43,1,51,54,53,19
Czechia,2025,Europe,1,41,1,51,54,53,18
Czechia,2026,Europe,1,42,1,51,54,53,18
Denmark,2000,Europe,1,13,1,26,22,40,53
Denmark,2001,Europe,1,16,1,26,20,43,53
Denmark,2002,Europe,1,14,1,24,16,43,53
Denmark,2003,Europe,1,22,1,17,15,44,53
Denmark,2004,Europe,1,21,1,17,16,43,53
Denmark,2005,Europe,1,14,1,19,17,41,53
Denmark,2006,Europe,1,19,1,19,17,42,53
Denmark,2007,Europe,1,19,1,17,13,43,53
Denmark,2008,Europe,1,12,1,19,12,43,54
Denmark,2009,Europe,1,17,1,17,11,44,53
Denmark,2010,Europe,1,20,1,22,10,42,53
Denmark,2011,Europe,1,19,1,22,12,41,53
Denmark,2012,Europe,1,20,1,21,15,40,54
Denmark,2013,Europe,1,16,1,19,12,41,53
Denmark,2014,Europe,1,21,1,19,13,40,53
Denmark,2015,Europe,1,17,1,22,19,39,53
Denmark,2016,Europe,1,20,1,23,19,40,53
Denmark,2017,Europe,1,16,1,20,18,37,52
Denmark,2018,Europe,1,11,1,20,18,41,53
Denmark,2019,Europe,1,17,1,19,19,38,53
Denmark,2020,Europe,1,14,1,15,15,27,53
Denmark,2021,Europe,1,21,1,15,17,28,54
Denmark,2022,Europe,1,18,1,16,16,31,53
Denmark,2023,Europe,1,11,1,19,18,35,53
Denmark,2024,Europe,1,18,1,16,19,33,54
Denmark,2025,Europe,1,17,1,15,19,33,53
Denmark,2026,Europe,1,13,1,15,19,33,52
Djibouti,2000,Asia,3,179,155,172,160,181,163
Djibouti,2001,Asia,3,178,155,170,160,180,163
Djibouti,2002,Asia,3,178,156,172,165,180,163
Djibouti,2003,Asia,3,175,155,173,167,181,163
Djibouti,2004,Asia,3,178,155,173,170,180,163
Djibouti,2005,Asia,3,179,155,177,173,181,163
Djibouti,2006,Asia,3,179,155,179,178,183,162
Djibouti,2007,Asia,3,179,156,180,179,184,163
Djibouti,2008,Asia,3,178,155,180,176,183,163
Djibouti,2009,Asia,3,177,155,178,175,184,163
Djibouti,2010,Asia,3,178,156,180,177,183,162
Djibouti,2011,Asia,3,175,156,182,180,183,162
Djibouti,2012,Asia,3,176,155,181,175,185,162
Djibouti,2013,Asia,3,178,155,172,165,187,162
Djibouti,2014,Asia,3,179,155,172,162,186,162
Djibouti,2015,Asia,3,178,156,168,161,187,163
Djibouti,2016,Asia,3,178,156,165,157,186,163
Djibouti,2017,Asia,3,177,155,166,157,186,163
Djibouti,2018,Asia,3,178,156,166,157,185,163
Djibouti,2019,Asia,3,174,156,166,157,185,162
Djibouti,2020,Asia,3,179,155,165,156,185,162
Djibouti,2021,Asia,3,177,155,167,156,183,163
Djibouti,2022,Asia,3,178,155,165,158,182,162
Djibouti,2023,Asia,3,179,156,163,157,185,162
Djibouti,2024,Asia,3,177,155,164,155,186,162
Djibouti,2025,Asia,3,177,155,164,155,186,162
Djibouti,2026,Asia,3,178,155,164,155,186,162
Dominica,2000,South America,2,131,144,87,79,92,111
Dominica,2001,South America,2,131,144,84,77,92,111
Dominica,2002,South America,2,129,144,84,76,96,111
Dominica,2003,South America,2,131,144,87,80,102,111
Dominica,2004,South America,2,129,144,88,83,105,111
Dominica,2005,South America,2,131,144,93,88,106,111
Dominica,2006,South America,2,132,144,95,91,109,111
Dominica,2007,South America,2,132,144,101,96,110,111
Dominica,2008,South America,2,131,144,102,99,112,111
Dominica,2009,South America,2,131,144,101,91,113,111
Dominica,2010,South America,2,130,144,104,99,120,111
Dominica,2011,South America,2,131,144,108,100,119,111
Dominica,2012,South America,2,131,144,111,102,123,111
Dominica,2013,South America,2,130,144,114,103,128,111
Dominica,2014,South America,2,131,144,114,100,128,111
Dominica,2015,South America,2,132,144,113,96,145,111
Dominica,2016,South America,2,130,144,106,92,133,111
Dominica,2017,South America,2,131,144,119,100,154,111
Dominica,2018,South America,2,130,144,109,98,136,111
Dominica,2019,South America,2,131,144,109,95,138,111
Dominica,2020,South America,2,131,144,105,98,132,111
Dominica,2021,South America,2,131,144,106,102,135,111
Dominica,2022,South America,2,131,144,113,102,146,111
Dominica,2023,South America,2,131,144,114,103,146,111
Dominica,2024,South America,2,131,144,113,103,145,111
Dominica,2025,South America,2,131,144,113,103,145,111
Dominica,2026,South America,2,131,144,113,103,145,111
Dominican Republic,2000,South America,2,108,131,99,101,111,113
Dominican Republic,2001,South America,2,108,132,101,101,112,112
Dominican Republic,2002,South America,2,106,129,101,99,115,112
Dominican Republic,2003,South America,2,110,129,113,116,116,112
Dominican Republic,2004,South America,2,107,129,115,124,118,112
Dominican Republic,2005,South America,2,111,129,111,105,118,112
Dominican Republic,2006,South America,2,107,131,113,111,118,113
Dominican Republic,2007,South America,2,108,130,113,114,118,113
Dominican Republic,2008,South America,2,109,129,116,115,120,112
Dominican Republic,2009,South America,2,108,132,113,112,115,113
Dominican Republic,2010,South America,2,110,132,114,111,115,112
Dominican Republic,2011,South America,2,110,132,115,116,113,112
Dominican Republic,2012,South America,2,107,134,115,118,112,112
Dominican Republic,2013,South America,2,109,132,115,118,111,112
Dominican Republic,2014,South America,2,107,130,115,116,109,112
Dominican Republic,2015,South America,2,111,131,107,105,113,112
Dominican Republic,2016,South America,2,108,130,109,103,117,113
Dominican Republic,2017,South America,2,107,132,109,104,115,113
Dominican Republic,2018,South America,2,108,132,108,104,114,112
Dominican Republic,2019,South America,2,109,129,108,103,116,112
Dominican Republic,2020,South America,2,111,134,102,101,114,112
Dominican Republic,2021,South America,2,106,129,100,101,114,113
Dominican Republic,2022,South America,2,111,130,99,98,109,113
Dominican Republic,2023,South America,2,108,129,104,100,115,113
Dominican Republic,2024,South America,2,109,130,107,102,116,112
Dominican Republic,2025,South America,2,108,132,107,102,116,112
Dominican Republic,2026,South America,2,109,129,107,102,116,112
Ecuador,2000,South America,2,117,114,116,134,88,124
Ecuador,2001,South America,2,119,115,107,122,87,123
Ecuador,2002,South America,2,119,115,106,119,77,124
Ecuador,2003,South America,2,116,114,106,118,75,122
Ecuador,2004,South America,2,119,114,107,120,76,123
Ecuador,2005,South America,2,121,114,109,121,77,123
Ecuador,2006,South America,2,117,114,110,121,77,123
Ecuador,2007,South America,2,120,114,112,127,78,123
Ecuador,2008,South America,2,120,114,108,126,78,123
Ecuador,2009,South America,2,119,114,108,125,76,123
Ecuador,2010,South America,2,121,114,108,124,76,123
Ecuador,2011,South America,2,116,114,109,125,81,123
Ecuador,2012,South America,2,120,114,105,124,82,123
Ecuador,2013,South America,2,119,114,102,119,79,122
Ecuador,2014,South America,2,121,114,99,117,79,123
Ecuador,2015,South America,2,120,114,100,112,78,123
Ecuador,2016,South America,2,122,114,101,111,83,123
Ecuador,2017,South America,2,121,114,104,112,82,124
Ecuador,2018,South America,2,117,114,106,115,72,123
Ecuador,2019,South America,2,121,114,105,116,70,123
Ecuador,2020,South America,2,119,114,115,117,122,123
Ecuador,2021,South America,2,118,114,110,117,104,123
Ecuador,2022,South America,2,118,114,105,121,80,123
Ecuador,2023,South America,2,121,114,107,121,80,123
Ecuador,2024,South America,2,118,114,108,123,79,123
Ecuador,2025,South America,2,121,114,108,123,79,123
Ecuador,2026,South America,2,122,114,108,123,79,123
"Egypt, Arab Rep.",2000,Asia,3,189,173,142,135,133,140
"Egypt, Arab Rep.",2001,Asia,3,186,172,143,139,133,140
"Egypt, Arab Rep.",2002,Asia,3,189,172,147,144,132,140
"Egypt, Arab Rep.",2003,Asia,3,187,173,152,148,134,140
"Egypt, Arab Rep.",2004,Asia,3,190,172,154,161,133,140
"Egypt, Arab Rep.",2005,Asia,3,189,173,154,162,133,141
"Egypt, Arab Rep.",2006,Asia,3,188,172,155,159,133,139
"Egypt, Arab Rep.",2007,Asia,3,189,171,156,158,135,142
"Egypt, Arab Rep.",2008,Asia,3,190,171,155,158,137,142
"Egypt, Arab Rep.",2009,Asia,3,190,171,153,152,140,139
"Egypt, Arab Rep.",2010,Asia,3,190,171,153,154,140,139
"Egypt, Arab Rep.",2011,Asia,3,189,172,153,156,142,140
"Egypt, Arab Rep.",2012,Asia,3,187,171,151,154,143,139
"Egypt, Arab Rep.",2013,Asia,3,190,172,152,153,143,140
"Egypt, Arab Rep.",2014,Asia,3,190,172,152,152,144,139
"Egypt, Arab Rep.",2015,Asia,3,187,172,150,146,142,140
"Egypt, Arab Rep.",2016,Asia,3,187,171,153,147,141,140
"Egypt, Arab Rep.",2017,Asia,3,189,171,157,162,140,139
"Egypt, Arab Rep.",2018,Asia,3,188,171,156,161,142,140
"Egypt, Arab Rep.",2019,Asia,3,190,171,153,156,140,139
"Egypt, Arab Rep.",2020,Asia,3,190,171,151,147,147,141
"Egypt, Arab Rep.",2021,Asia,3,187,171,152,147,146,140
"Egypt, Arab Rep.",2022,Asia,3,184,172,150,141,147,139
"Egypt, Arab Rep.",2023,Asia,3,190,171,155,156,140,140
"Egypt, Arab Rep.",2024,Asia,3,187,171,156,158,140,141
"Egypt, Arab Rep.",2025,Asia,3,191,172,156,158,140,139
"Egypt, Arab Rep.",2026,Asia,3,190,171,156,158,140,140
El Salvador,2000,South America,2,110,132,119,114,131,103
El Salvador,2001,South America,2,109,133,120,110,129,102
El Salvador,2002,South America,2,109,132,117,113,127,103
El Salvador,2003,South America,2,107,132,120,122,128,102
El Salvador,2004,South America,2,109,131,122,129,125,103
El Salvador,2005,South America,2,110,132,123,130,126,103
El Salvador,2006,South America,2,109,136,128,131,126,102
El Salvador,2007,South America,2,109,134,131,136,127,103
El Salvador,2008,South America,2,108,134,133,141,127,103
El Salvador,2009,South America,2,107,130,132,138,126,101
El Salvador,2010,South America,2,107,133,134,143,124,102
El Salvador,2011,South America,2,107,134,135,145,124,103
El Salvador,2012,South America,2,109,132,137,145,122,103
El Salvador,2013,South America,2,108,135,137,145,129,102
El Salvador,2014,South America,2,108,133,136,144,129,102
El Salvador,2015,South America,2,109,130,134,138,132,102
El Salvador,2016,South America,2,111,131,133,135,139,101
El Salvador,2017,South America,2,106,133,135,138,138,102
El Salvador,2018,South America,2,107,134,133,140,135,102
El Salvador,2019,South America,2,107,132,134,140,131,102
El Salvador,2020,South America,2,107,132,137,136,141,103
El Salvador,2021,South America,2,109,134,132,132,133,103
El Salvador,2022,South America,2,108,131,132,133,135,103
El Salvador,2023,South America,2,110,132,133,133,136,103
El Salvador,2024,South America,2,110,133,135,135,135,102
El Salvador,2025,South America,2,109,135,135,135,135,103
El Salvador,2026,South America,2,108,132,135,135,135,102
Equatorial Guinea,2000,Africa,2,90,126,157,130,188,115
Equatorial Guinea,2001,Africa,2,90,124,155,111,189,115
Equatorial Guinea,2002,Africa,2,88,125,153,109,189,115
Equatorial Guinea,2003,Africa,2,88,125,150,105,188,115
Equatorial Guinea,2004,Africa,2,89,125,136,92,190,115
Equatorial Guinea,2005,Africa,2,88,126,129,76,190,116
Equatorial Guinea,2006,Africa,2,89,125,129,74,189,115
Equatorial Guinea,2007,Africa,2,88,126,128,75,190,115
Equatorial Guinea,2008,Africa,2,89,126,123,65,191,116
Equatorial Guinea,2009,Africa,2,89,125,127,71,192,115
Equatorial Guinea,2010,Africa,2,90,125,128,71,192,115
Equatorial Guinea,2011,Africa,2,90,125,123,68,193,116
Equatorial Guinea,2012,Africa,2,90,125,124,68,193,115
Equatorial Guinea,2013,Africa,2,90,125,129,69,193,116
Equatorial Guinea,2014,Africa,2,90,125,130,71,193,115
Equatorial Guinea,2015,Africa,2,89,125,140,91,194,115
Equatorial Guinea,2016,Africa,2,89,125,144,102,193,115
Equatorial Guinea,2017,Africa,2,89,125,144,102,194,115
Equatorial Guinea,2018,Africa,2,90,125,145,103,194,115
Equatorial Guinea,2019,Africa,2,90,126,148,110,194,115
Equatorial Guinea,2020,Africa,2,88,126,149,113,193,115
Equatorial Guinea,2021,Africa,2,89,124,145,111,188,116
Equatorial Guinea,2022,Africa,2,89,125,147,111,194,115
Equatorial Guinea,2023,Africa,2,89,124,147,120,194,116
Equatorial Guinea,2024,Africa,2,87,124,149,121,195,115
Equatorial Guinea,2025,Africa,2,89,124,149,121,195,115
Equatorial Guinea,2026,Africa,2,89,123,149,121,195,115
Eritrea,2000,Africa,4,217,211,187,197,183,209
Eritrea,2001,Africa,4,217,211,188,196,178,209
Eritrea,2002,Africa,4,217,211,192,201,177,209
Eritrea,2003,Africa,4,217,211,195,201,175,209
Eritrea,2004,Africa,4,217,211,195,197,175,209
Eritrea,2005,Africa,4,217,211,196,204,175,209
Eritrea,2006,Africa,4,217,211,196,201,172,208
Eritrea,2007,Africa,4,217,211,197,202,172,207
Eritrea,2008,Africa,4,217,211,198,207,171,208
Eritrea,2009,Africa,4,217,211,195,202,170,208
Eritrea,2010,Africa,4,217,211,196,208,170,207
Eritrea,2011,Africa,4,217,211,195,205,169,209
Eritrea,2012,Africa,4,217,211,194,202,169,208
Eritrea,2013,Africa,4,217,211,196,203,168,208
Eritrea,2014,Africa,4,216,211,195,203,164,207
Eritrea,2015,Africa,4,217,211,193,201,164,207
Eritrea,2016,Africa,4,216,211,192,198,164,207
Eritrea,2017,Africa,4,217,211,190,197,164,207
Eritrea,2018,Africa,4,216,211,191,197,163,207
Eritrea,2019,Africa,4,217,211,191,196,163,207
Eritrea,2020,Africa,4,217,211,192,194,162,207
Eritrea,2021,Africa,4,217,211,193,195,158,207
Eritrea,2022,Africa,4,216,211,193,198,162,207
Eritrea,2023,Africa,4,217,211,192,198,161,207
Eritrea,2024,Africa,4,217,211,193,198,162,207
Eritrea,2025,Africa,4,216,211,193,198,162,207
Eritrea,2026,Africa,4,217,211,193,198,162,207
Estonia,2000,Europe,1,19,23,85,87,110,32
Estonia,2001,Europe,1,21,24,82,85,117,32
Estonia,2002,Europe,1,20,1,80,77,111,30
Estonia,2003,Europe,1,13,1,76,75,108,32
Estonia,2004,Europe,1,15,1,75,73,107,32
Estonia,2005,Europe,1,21,1,71,72,99,32
Estonia,2006,Europe,1,16,1,69,70,101,31
Estonia,2007,Europe,1,15,1,68,66,102,32
Estonia,2008,Europe,1,13,1,68,66,89,31
Estonia,2009,Europe,1,22,1,69,67,77,32
Estonia,2010,Europe,1,22,1,69,69,74,32
Estonia,2011,Europe,1,16,1,66,67,68,32
Estonia,2012,Europe,1,15,1,65,65,68,32
Estonia,2013,Europe,1,20,1,63,65,60,30
Estonia,2014,Europe,1,20,1,62,62,67,30
Estonia,2015,Europe,1,18,1,62,66,59,32
Estonia,2016,Europe,1,19,1,63,64,61,31
Estonia,2017,Europe,1,20,1,62,62,58,32
Estonia,2018,Europe,1,17,1,60,58,59,32
Estonia,2019,Europe,1,16,1,57,58,56,32
Estonia,2020,Europe,1,16,1,52,54,52,32
Estonia,2021,Europe,1,20,1,57,53,61,32
Estonia,2022,Europe,1,17,1,56,56,60,32
Estonia,2023,Europe,1,19,1,56,56,57,32
Estonia,2024,Europe,1,20,1,54,55,56,32
Estonia,2025,Europe,1,18,1,54,55,56,31
Estonia,2026,Europe,1,20,1,54,55,56,32
Eswatini,2000,Africa,3,185,165,175,124,208,147
Eswatini,2001,Africa,3,183,165,179,133,215,147
Eswatini,2002,Africa,3,184,165,183,138,217,147
Eswatini,2003,Africa,3,184,164,182,127,217,148
Eswatini,2004,Africa,3,184,164,183,122,217,147
Eswatini,2005,Africa,3,184,166,181,122,216,147
Eswatini,2006,Africa,3,183,165,186,126,216,147
Eswatini,2007,Africa,3,186,164,188,132,216,147
Eswatini,2008,Africa,3,183,166,190,142,216,147
Eswatini,2009,Africa,3,183,164,189,134,216,147
Eswatini,2010,Africa,3,182,164,182,132,214,147
Eswatini,2011,Africa,3,184,165,184,132,215,148
Eswatini,2012,Africa,3,186,164,182,136,215,147
Eswatini,2013,Africa,3,185,165,182,139,213,147
Eswatini,2014,Africa,3,183,164,182,141,212,147
Eswatini,2015,Africa,3,183,165,179,143,212,147
Eswatini,2016,Africa,3,186,165,178,148,211,147
Eswatini,2017,Africa,3,182,165,174,142,211,147
Eswatini,2018,Africa,3,185,166,172,143,211,148
Eswatini,2019,Africa,3,181,164,168,145,208,147
Eswatini,2020,Africa,3,183,165,170,148,208,147
Eswatini,2021,Africa,3,183,164,174,144,211,148
Eswatini,2022,Africa,3,186,164,168,146,196,148
Eswatini,2023,Africa,3,182,165,165,151,192,147
Eswatini,2024,Africa,3,182,165,165,154,192,147
Eswatini,2025,Africa,3,185,164,165,154,192,147
Eswatini,2026,Africa,3,186,165,165,154,192,148
Ethiopia,2000,Africa,4,192,191,187,217,197,157
Ethiopia,2001,Africa,4,192,191,188,217,196,161
Ethiopia,2002,Africa,4,191,191,192,217,195,159
Ethiopia,2003,Africa,4,192,191,195,216,195,158
Ethiopia,2004,Africa,4,192,191,197,216,194,157
Ethiopia,2005,Africa,4,192,191,198,216,195,157
Ethiopia,2006,Africa,4,192,191,198,216,192,165
Ethiopia,2007,Africa,4,192,191,201,216,192,158
Ethiopia,2008,Africa,4,192,191,205,216,189,159
Ethiopia,2009,Africa,4,192,191,208,214,189,157
Ethiopia,2010,Africa,4,192,191,210,215,187,168
Ethiopia,2011,Africa,4,192,191,212,215,188,164
Ethiopia,2012,Africa,4,192,191,210,214,188,164
Ethiopia,2013,Africa,4,192,191,208,213,186,169
Ethiopia,2014,Africa,4,192,191,201,211,183,170
Ethiopia,2015,Africa,4,192,191,199,209,180,171
Ethiopia,2016,Africa,4,192,191,199,208,181,165
Ethiopia,2017,Africa,4,192,191,199,207,181,173
Ethiopia,2018,Africa,4,192,191,198,204,180,170
Ethiopia,2019,Africa,4,192,191,197,203,179,166
Ethiopia,2020,Africa,4,192,191,197,201,172,171
Ethiopia,2021,Africa,4,192,191,197,200,172,176
Ethiopia,2022,Africa,4,192,192,197,199,172,174
Ethiopia,2023,Africa,4,192,195,196,196,172,175
Ethiopia,2024,Africa,4,192,195,195,193,170,176
Ethiopia,2025,Africa,4,192,193,195,193,170,171
Ethiopia,2026,Africa,4,192,195,195,193,170,174
Faroe Islands,2000,Europe,1,61,53,32,36,21,85
Faroe Islands,2001,Europe,1,62,53,28,31,24,85
Faroe Islands,2002,Europe,1,58,54,25,26,23,85
Faroe Islands,2003,Europe,1,63,53,24,27,24,85
Faroe Islands,2004,Europe,1,61,53,24,26,25,85
Faroe Islands,2005,Europe,1,64,53,27,30,24,85
Faroe Islands,2006,Europe,1,59,53,24,26,26,85
Faroe Islands,2007,Europe,1,59,53,18,23,26,85
Faroe Islands,2008,Europe,1,61,1,22,24,27,85
Faroe Islands,2009,Europe,1,60,1,22,21,27,84
Faroe Islands,2010,Europe,1,58,1,24,22,29,84
Faroe Islands,2011,Europe,1,61,1,25,23,29,85
Faroe Islands,2012,Europe,1,63,1,23,23,26,85
Faroe Islands,2013,Europe,1,59,1,18,18,26,85
Faroe Islands,2014,Europe,1,60,1,17,16,27,85
Faroe Islands,2015,Europe,1,63,1,19,20,24,85
Faroe Islands,2016,Europe,1,59,1,15,17,25,85
Faroe Islands,2017,Europe,1,62,1,16,17,25,85
Faroe Islands,2018,Europe,1,60,1,16,17,25,85
Faroe Islands,2019,Europe,1,60,1,15,17,26,85
Faroe Islands,2020,Europe,1,61,1,11,13,14,85
Faroe Islands,2021,Europe,1,61,1,9,16,15,85
Faroe Islands,2022,Europe,1,60,1,14,18,16,85
Faroe Islands,2023,Europe,1,59,1,10,17,22,85
Faroe Islands,2024,Europe,1,59,1,10,17,20,85
Faroe Islands,2025,Europe,1,61,1,9,17,20,85
Faroe Islands,2026,Europe,1,57,1,9,17,20,85
Fiji,2000,Asia,2,136,118,121,111,139,109
Fiji,2001,Asia,2,137,118,123,112,139,110
Fiji,2002,Asia,2,136,118,125,111,143,108
Fiji,2003,Asia,2,137,118,123,110,146,109
Fiji,2004,Asia,2,134,118,124,110,145,109
Fiji,2005,Asia,2,137,118,125,114,147,109
Fiji,2006,Asia,2,137,118,130,117,149,109
Fiji,2007,Asia,2,137,117,132,121,154,109
Fiji,2008,Asia,2,137,117,135,130,155,109
Fiji,2009,Asia,2,136,117,138,135,157,109
Fiji,2010,Asia,2,138,117,140,135,156,108
Fiji,2011,Asia,2,137,117,141,133,157,109
Fiji,2012,Asia,2,137,117,144,132,160,109
Fiji,2013,Asia,2,137,117,144,131,158,109
Fiji,2014,Asia,2,137,117,139,127,158,110
Fiji,2015,Asia,2,136,117,138,122,160,109
Fiji,2016,Asia,2,133,117,136,119,161,109
Fiji,2017,Asia,2,137,117,136,119,161,109
Fiji,2018,Asia,2,137,117,137,117,164,109
Fiji,2019,Asia,2,138,117,140,121,165,109
Fiji,2020,Asia,2,136,117,145,125,164,109
Fiji,2021,Asia,2,136,117,148,135,174,109
Fiji,2022,Asia,2,136,117,144,128,170,109
Fiji,2023,Asia,2,137,117,142,127,171,109
Fiji,2024,Asia,2,135,117,142,127,173,109
Fiji,2025,Asia,2,137,117,142,127,173,109
Fiji,2026,Asia,2,137,117,142,127,173,109
Finland,2000,Europe,1,68,46,38,32,33,69
Finland,2001,Europe,1,64,51,33,30,33,69
Finland,2002,Europe,1,65,49,31,25,33,69
Finland,2003,Europe,1,65,47,26,23,33,69
Finland,2004,Europe,1,66,47,23,24,34,69
Finland,2005,Europe,1,65,50,26,24,37,69
Finland,2006,Europe,1,67,51,28,28,34,69
Finland,2007,Europe,1,65,1,27,22,35,69
Finland,2008,Europe,1,64,1,23,22,35,69
Finland,2009,Europe,1,67,1,26,19,36,69
Finland,2010,Europe,1,65,1,29,26,36,68
Finland,2011,Europe,1,66,1,27,25,35,69
Finland,2012,Europe,1,64,1,28,28,34,68
Finland,2013,Europe,1,63,1,28,27,33,69
Finland,2014,Europe,1,65,1,28,28,36,69
Finland,2015,Europe,1,64,1,30,29,29,69
Finland,2016,Europe,1,63,1,28,27,33,68
Finland,2017,Europe,1,63,1,27,26,31,69
Finland,2018,Europe,1,66,1,27,25,30,69
Finland,2019,Europe,1,64,1,27,26,31,69
Finland,2020,Europe,1,66,1,21,23,25,69
Finland,2021,Europe,1,64,1,25,25,24,69
Finland,2022,Europe,1,67,1,29,30,34,69
Finland,2023,Europe,1,67,1,30,29,40,69
Finland,2024,Europe,1,63,1,29,32,30,69
Finland,2025,Europe,1,65,1,29,32,30,69
Finland,2026,Europe,1,66,1,29,32,30,69
France,2000,Europe,1,72,26,29,38,14,57
France,2001,Europe,1,72,29,32,37,18,57
France,2002,Europe,1,71,33,30,35,18,57
France,2003,Europe,1,73,31,30,31,22,57
France,2004,Europe,1,69,1,20,31,15,57
France,2005,Europe,1,70,1,24,34,16,57
France,2006,Europe,1,73,1,26,34,15,57
France,2007,Europe,1,73,1,25,33,14,57
France,2008,Europe,1,74,1,24,33,14,57
France,2009,Europe,1,71,1,24,28,15,57
France,2010,Europe,1,70,1,28,34,14,57
France,2011,Europe,1,70,1,26,35,12,57
France,2012,Europe,1,71,1,29,36,15,57
France,2013,Europe,1,75,1,29,35,13,57
France,2014,Europe,1,73,1,27,35,11,57
France,2015,Europe,1,69,1,31,36,16,57
France,2016,Europe,1,69,1,31,38,13,57
France,2017,Europe,1,70,1,34,37,17,57
France,2018,Europe,1,70,1,32,36,19,57
France,2019,Europe,1,71,1,33,37,20,57
France,2020,Europe,1,70,1,32,35,21,57
France,2021,Europe,1,73,1,31,35,20,57
France,2022,Europe,1,71,1,35,37,23,57
France,2023,Europe,1,73,1,32,37,24,57
France,2024,Europe,1,69,1,31,37,24,57
France,2025,Europe,1,69,1,31,37,24,57
France,2026,Europe,1,71,1,31,37,24,57
French Polynesia,2000,Asia,1,54,1,43,52,15,52
French Polynesia,2001,Asia,1,56,1,43,53,16,52
French Polynesia,2002,Asia,1,57,1,41,54,15,52
French Polynesia,2003,Asia,1,53,1,41,49,15,52
French Polynesia,2004,Asia,1,51,1,42,49,20,52
French Polynesia,2005,Asia,1,57,1,43,51,22,52
French Polynesia,2006,Asia,1,55,1,45,54,22,52
French Polynesia,2007,Asia,1,54,1,45,53,22,52
French Polynesia,2008,Asia,1,56,1,45,53,22,52
French Polynesia,2009,Asia,1,56,1,44,54,21,52
French Polynesia,2010,Asia,1,53,1,45,57,22,52
French Polynesia,2011,Asia,1,57,1,46,59,20,52
French Polynesia,2012,Asia,1,52,1,47,59,19,52
French Polynesia,2013,Asia,1,56,1,46,57,19,52
French Polynesia,2014,Asia,1,54,1,46,57,18,52
French Polynesia,2015,Asia,1,57,1,48,62,15,52
French Polynesia,2016,Asia,1,56,1,45,61,14,52
French Polynesia,2017,Asia,1,55,1,44,63,13,53
French Polynesia,2018,Asia,1,57,1,46,62,13,52
French Polynesia,2019,Asia,1,56,1,46,62,13,52
French Polynesia,2020,Asia,1,58,1,45,60,15,52
French Polynesia,2021,Asia,1,56,1,56,62,44,52
French Polynesia,2022,Asia,1,57,1,48,71,6,52
French Polynesia,2023,Asia,1,56,1,48,72,6,52
French Polynesia,2024,Asia,1,55,1,47,74,7,52
French Polynesia,2025,Asia,1,55,1,47,74,7,52
French Polynesia,2026,Asia,1,54,1,47,74,7,53
Gabon,2000,Africa,2,94,99,115,89,163,90
Gabon,2001,Africa,2,93,100,118,93,163,92
Gabon,2002,Africa,2,93,100,118,92,164,92
Gabon,2003,Africa,2,93,100,117,86,165,92
Gabon,2004,Africa,2,92,100,116,86,166,91
Gabon,2005,Africa,2,93,100,115,85,165,92
Gabon,2006,Africa,2,93,100,117,86,166,90
Gabon,2007,Africa,2,93,99,119,87,166,91
Gabon,2008,Africa,2,94,100,120,86,165,92
Gabon,2009,Africa,2,95,100,125,93,165,92
Gabon,2010,Africa,2,93,100,121,92,164,90
Gabon,2011,Africa,2,93,99,120,88,162,93
Gabon,2012,Africa,2,92,100,123,94,162,90
Gabon,2013,Africa,2,96,100,125,94,161,91
Gabon,2014,Africa,2,94,100,126,94,161,90
Gabon,2015,Africa,2,94,100,128,104,162,92
Gabon,2016,Africa,2,93,101,129,106,162,92
Gabon,2017,Africa,2,93,100,129,106,163,92
Gabon,2018,Africa,2,96,101,129,105,162,93
Gabon,2019,Africa,2,95,99,129,106,162,92
Gabon,2020,Africa,2,96,100,129,107,161,90
Gabon,2021,Africa,2,92,100,121,103,157,91
Gabon,2022,Africa,2,92,100,130,104,164,90
Gabon,2023,Africa,2,93,1,134,112,164,93
Gabon,2024,Africa,2,94,1,134,111,165,92
Gabon,2025,Africa,2,94,1,134,111,165,91
Gabon,2026,Africa,2,92,1,134,111,165,90
"Gambia, The",2000,Africa,4,212,196,187,175,180,201
"Gambia, The",2001,Africa,4,212,195,188,181,181,201
"Gambia, The",2002,Africa,4,212,195,192,194,181,201
"Gambia, The",2003,Africa,4,212,195,195,203,180,201
"Gambia, The",2004,Africa,4,212,194,191,182,178,201
"Gambia, The",2005,Africa,4,212,194,192,184,179,201
"Gambia, The",2006,Africa,4,212,195,194,187,179,201
"Gambia, The",2007,Africa,4,212,194,194,188,180,201
"Gambia, The",2008,Africa,4,212,195,194,190,180,201
"Gambia, The",2009,Africa,4,212,194,196,192,181,201
"Gambia, The",2010,Africa,4,212,194,194,194,180,201
"Gambia, The",2011,Africa,4,212,195,199,204,182,201
"Gambia, The",2012,Africa,4,212,195,200,205,182,201
"Gambia, The",2013,Africa,4,212,195,200,208,184,201
"Gambia, The",2014,Africa,4,212,194,202,209,185,201
"Gambia, The",2015,Africa,4,212,194,200,207,186,201
"Gambia, The",2016,Africa,4,212,194,200,207,185,200
"Gambia, The",2017,Africa,4,212,194,201,208,187,201
"Gambia, The",2018,Africa,4,212,194,201,206,187,201
"Gambia, The",2019,Africa,4,212,195,200,205,184,201
"Gambia, The",2020,Africa,4,212,193,199,204,182,201
"Gambia, The",2021,Africa,4,212,194,199,204,182,200
"Gambia, The",2022,Africa,4,213,194,200,205,188,201
"Gambia, The",2023,Africa,4,212,194,199,203,186,200
"Gambia, The",2024,Africa,4,212,192,199,205,187,201
"Gambia, The",2025,Africa,4,212,194,199,205,187,201
"Gambia, The",2026,Africa,4,212,194,199,205,187,201
Georgia,2000,Europe,2,109,110,139,159,116,108
Georgia,2001,Europe,2,110,110,135,156,114,108
Georgia,2002,Europe,2,110,110,135,158,118,109
Georgia,2003,Europe,2,108,110,133,154,107,108
Georgia,2004,Europe,2,110,110,131,147,116,108
Georgia,2005,Europe,2,107,110,130,144,120,108
Georgia,2006,Europe,2,112,110,131,148,119,108
Georgia,2007,Europe,2,111,110,130,141,120,108
Georgia,2008,Europe,2,110,110,129,137,123,108
Georgia,2009,Europe,2,110,110,129,140,119,108
Georgia,2010,Europe,2,111,110,130,137,119,109
Georgia,2011,Europe,2,111,110,125,134,114,108
Georgia,2012,Europe,2,110,110,122,130,114,108
Georgia,2013,Europe,2,110,110,123,130,112,108
Georgia,2014,Europe,2,111,110,121,130,110,108
Georgia,2015,Europe,2,107,110,124,132,111,108
Georgia,2016,Europe,2,107,110,123,132,114,108
Georgia,2017,Europe,2,110,110,124,130,113,108
Georgia,2018,Europe,2,110,110,122,126,109,108
Georgia,2019,Europe,2,108,110,123,128,109,108
Georgia,2020,Europe,2,108,110,119,130,103,108
Georgia,2021,Europe,2,112,110,122,124,117,108
Georgia,2022,Europe,2,110,110,114,115,111,108
Georgia,2023,Europe,2,111,110,110,107,110,108
Georgia,2024,Europe,2,112,110,110,107,111,108
Georgia,2025,Europe,2,111,110,110,107,111,108
Georgia,2026,Europe,2,110,110,110,107,111,108
Germany,2000,Europe,1,12,30,35,34,27,15
Germany,2001,Europe,1,13,25,34,33,27,14
Germany,2002,Europe,1,10,26,32,30,31,15
Germany,2003,Europe,1,12,1,31,28,32,14
Germany,2004,Europe,1,11,1,30,30,35,15
Germany,2005,Europe,1,17,1,31,33,34,15
Germany,2006,Europe,1,14,1,37,32,35,15
Germany,2007,Europe,1,11,1,33,32,31,14
Germany,2008,Europe,1,16,1,32,32,31,14
Germany,2009,Europe,1,16,1,32,27,35,14
Germany,2010,Europe,1,11,1,33,33,35,13
Germany,2011,Europe,1,12,1,30,31,37,14
Germany,2012,Europe,1,14,1,30,33,35,13
Germany,2013,Europe,1,18,1,31,30,38,13
Germany,2014,Europe,1,10,1,31,29,38,13
Germany,2015,Europe,1,12,1,35,31,41,15
Germany,2016,Europe,1,11,1,33,28,39,14
Germany,2017,Europe,1,10,1,33,27,40,15
Germany,2018,Europe,1,12,1,33,26,42,15
Germany,2019,Europe,1,9,1,32,27,41,13
Germany,2020,Europe,1,11,1,28,25,35,15
Germany,2021,Europe,1,11,1,30,27,33,15
Germany,2022,Europe,1,20,1,31,29,42,15
Germany,2023,Europe,1,13,1,31,28,45,15
Germany,2024,Europe,1,15,1,33,27,48,13
Germany,2025,Europe,1,13,1,33,27,48,15
Germany,2026,Europe,1,18,1,33,27,48,14
Ghana,2000,Africa,3,168,181,187,204,176,186
Ghana,2001,Africa,3,170,181,188,202,177,186
Ghana,2002,Africa,3,171,181,189,203,179,186
Ghana,2003,Africa,3,170,181,188,198,178,188
Ghana,2004,Africa,3,168,181,187,200,177,186
Ghana,2005,Africa,3,170,181,186,193,177,186
Ghana,2006,Africa,3,167,181,175,176,178,186
Ghana,2007,Africa,3,171,181,176,174,178,186
Ghana,2008,Africa,3,167,181,177,173,179,187
Ghana,2009,Africa,3,168,181,180,181,180,185
Ghana,2010,Africa,3,167,180,178,176,179,187
Ghana,2011,Africa,3,168,180,178,172,180,185
Ghana,2012,Africa,3,168,180,177,171,181,185
Ghana,2013,Africa,3,170,180,169,162,181,185
Ghana,2014,Africa,3,168,180,174,168,184,185
Ghana,2015,Africa,3,167,180,175,168,185,186
Ghana,2016,Africa,3,167,180,172,167,183,186
Ghana,2017,Africa,3,171,180,175,167,185,185
Ghana,2018,Africa,3,170,180,174,165,184,186
Ghana,2019,Africa,3,168,180,171,166,183,185
Ghana,2020,Africa,3,167,180,171,162,184,184
Ghana,2021,Africa,3,169,180,172,166,179,186
Ghana,2022,Africa,3,170,180,176,172,186,185
Ghana,2023,Africa,3,168,179,174,169,188,186
Ghana,2024,Africa,3,170,179,175,172,189,185
Ghana,2025,Africa,3,168,179,175,172,189,185
Ghana,2026,Africa,3,170,179,175,172,189,184
Gibraltar,2000,Europe,1,23,47,4,5,7,6
Gibraltar,2001,Europe,1,25,45,4,5,8,6
Gibraltar,2002,Europe,1,24,47,4,5,7,7
Gibraltar,2003,Europe,1,25,43,5,8,8,6
Gibraltar,2004,Europe,1,32,44,9,9,10,6
Gibraltar,2005,Europe,1,26,44,10,11,9,6
Gibraltar,2006,Europe,1,24,47,11,13,11,7
Gibraltar,2007,Europe,1,29,1,11,16,13,6
Gibraltar,2008,Europe,1,28,1,12,18,11,6
Gibraltar,2009,Europe,1,27,1,8,13,8,6
Gibraltar,2010,Europe,1,24,1,8,11,8,7
Gibraltar,2011,Europe,1,24,1,10,15,10,7
Gibraltar,2012,Europe,1,30,1,9,12,8,7
Gibraltar,2013,Europe,1,31,1,9,13,10,8
Gibraltar,2014,Europe,1,31,1,8,14,12,6
Gibraltar,2015,Europe,1,27,1,7,12,10,7
Gibraltar,2016,Europe,1,30,1,7,10,11,7
Gibraltar,2017,Europe,1,29,1,9,12,12,6
Gibraltar,2018,Europe,1,26,1,11,13,12,6
Gibraltar,2019,Europe,1,23,1,8,11,14,6
Gibraltar,2020,Europe,1,35,1,4,9,9,7
Gibraltar,2021,Europe,1,30,1,18,11,39,7
Gibraltar,2022,Europe,1,25,1,4,14,9,7
Gibraltar,2023,Europe,1,29,1,4,14,10,8
Gibraltar,2024,Europe,1,30,1,4,13,13,6
Gibraltar,2025,Europe,1,26,1,4,13,13,6
Gibraltar,2026,Europe,1,26,1,4,13,13,6
Greece,2000,Europe,1,51,61,53,62,29,68
Greece,2001,Europe,1,52,61,51,58,26,68
Greece,2002,Europe,1,56,63,49,56,28,68
Greece,2003,Europe,1,56,60,45,54,26,68
Greece,2004,Europe,1,49,62,45,50,29,68
Greece,2005,Europe,1,51,62,45,50,29,68
Greece,2006,Europe,1,54,62,44,50,28,68
Greece,2007,Europe,1,52,61,44,48,33,68
Greece,2008,Europe,1,50,61,43,44,29,68
Greece,2009,Europe,1,49,63,42,44,31,68
Greece,2010,Europe,1,55,1,43,48,32,69
Greece,2011,Europe,1,56,1,43,53,32,68
Greece,2012,Europe,1,50,1,49,57,33,69
Greece,2013,Europe,1,53,1,49,60,29,68
Greece,2014,Europe,1,50,1,50,60,31,68
Greece,2015,Europe,1,49,1,54,64,35,68
Greece,2016,Europe,1,55,1,54,65,34,69
Greece,2017,Europe,1,56,1,54,66,35,68
Greece,2018,Europe,1,49,1,53,65,29,68
Greece,2019,Europe,1,53,1,53,65,35,68
Greece,2020,Europe,1,51,1,53,66,32,68
Greece,2021,Europe,1,53,1,54,64,41,68
Greece,2022,Europe,1,50,1,58,67,40,68
Greece,2023,Europe,1,50,1,54,64,36,68
Greece,2024,Europe,1,53,1,53,65,39,68
Greece,2025,Europe,1,53,1,53,65,39,68
Greece,2026,Europe,1,50,1,53,65,39,68
Greenland,2000,Europe,1,59,77,66,47,145,13
Greenland,2001,Europe,1,59,76,65,44,145,13
Greenland,2002,Europe,1,60,78,65,40,144,13
Greenland,2003,Europe,1,57,78,62,35,142,13
Greenland,2004,Europe,1,59,78,60,34,141,14
Greenland,2005,Europe,1,60,77,62,36,142,14
Greenland,2006,Europe,1,62,76,62,36,139,13
Greenland,2007,Europe,1,58,78,60,35,139,13
Greenland,2008,Europe,1,59,79,60,34,139,13
Greenland,2009,Europe,1,62,78,57,24,139,13
Greenland,2010,Europe,1,56,77,58,29,138,14
Greenland,2011,Europe,1,59,78,58,32,139,13
Greenland,2012,Europe,1,62,77,58,31,137,14
Greenland,2013,Europe,1,57,78,58,29,135,15
Greenland,2014,Europe,1,61,77,58,27,136,15
Greenland,2015,Europe,1,58,1,57,25,134,13
Greenland,2016,Europe,1,58,1,55,22,132,15
Greenland,2017,Europe,1,61,1,56,22,134,13
Greenland,2018,Europe,1,61,1,54,21,137,13
Greenland,2019,Europe,1,59,1,56,22,136,14
Greenland,2020,Europe,1,57,1,49,18,131,13
Greenland,2021,Europe,1,62,1,49,22,121,14
Greenland,2022,Europe,1,61,1,55,22,143,14
Greenland,2023,Europe,1,57,1,58,23,147,13
Greenland,2024,Europe,1,62,1,62,23,152,14
Greenland,2025,Europe,1,59,1,62,23,152,13
Greenland,2026,Europe,1,61,1,62,23,152,13
Grenada,2000,South America,2,105,115,82,80,74,101
Grenada,2001,South America,2,106,113,85,82,79,101
Grenada,2002,South America,2,102,114,83,79,78,101
Grenada,2003,South America,2,105,113,83,81,81,101
Grenada,2004,South America,2,105,113,89,85,99,101
Grenada,2005,South America,2,101,113,86,86,81,101
Grenada,2006,South America,2,102,113,90,88,79,101
Grenada,2007,South America,2,107,113,91,93,80,101
Grenada,2008,South America,2,106,113,93,94,82,101
Grenada,2009,South America,2,105,113,93,99,83,102
Grenada,2010,South America,2,103,113,97,101,85,101
Grenada,2011,South America,2,102,113,98,108,84,101
Grenada,2012,South America,2,106,113,101,106,87,101
Grenada,2013,South America,2,103,113,100,105,91,101
Grenada,2014,South America,2,101,113,97,102,91,101
Grenada,2015,South America,2,103,113,94,95,94,101
Grenada,2016,South America,2,103,113,91,89,95,102
Grenada,2017,South America,2,103,113,93,92,99,101
Grenada,2018,South America,2,104,113,93,93,101,101
Grenada,2019,South America,2,104,113,92,89,103,101
Grenada,2020,South America,2,104,113,91,90,89,101
Grenada,2021,South America,2,102,113,91,97,79,101
Grenada,2022,South America,2,103,113,94,96,98,101
Grenada,2023,South America,2,103,113,97,96,104,101
Grenada,2024,South America,2,104,113,99,99,104,101
Grenada,2025,South America,2,103,113,99,99,104,101
Grenada,2026,South America,2,103,113,99,99,104,101
Guam,2000,Asia,1,36,66,17,5,53,22
Guam,2001,Asia,1,32,65,17,5,53,21
Guam,2002,Asia,1,35,65,45,39,53,22
Guam,2003,Asia,1,36,66,46,43,53,22
Guam,2004,Asia,1,28,66,46,47,53,23
Guam,2005,Asia,1,31,67,46,45,52,22
Guam,2006,Asia,1,37,66,49,48,55,23
Guam,2007,Asia,1,34,66,54,50,57,23
Guam,2008,Asia,1,34,65,54,51,58,22
Guam,2009,Asia,1,35,65,51,45,65,22
Guam,2010,Asia,1,34,66,52,46,66,23
Guam,2011,Asia,1,35,1,52,45,69,24
Guam,2012,Asia,1,34,1,51,43,70,23
Guam,2013,Asia,1,34,1,52,43,73,22
Guam,2014,Asia,1,29,1,53,43,73,24
Guam,2015,Asia,1,32,1,47,39,77,22
Guam,2016,Asia,1,27,1,46,39,76,21
Guam,2017,Asia,1,35,1,48,38,76,21
Guam,2018,Asia,1,30,1,50,38,81,22
Guam,2019,Asia,1,34,1,48,38,82,24
Guam,2020,Asia,1,33,1,48,39,82,23
Guam,2021,Asia,1,34,1,48,40,70,22
Guam,2022,Asia,1,29,1,47,36,72,24
Guam,2023,Asia,1,35,1,49,38,83,21
Guam,2024,Asia,1,29,1,49,39,82,21
Guam,2025,Asia,1,34,1,49,39,82,23
Guam,2026,Asia,1,35,1,49,39,82,24
Guatemala,2000,South America,2,89,135,123,123,135,96
Guatemala,2001,South America,2,87,137,126,128,134,97
Guatemala,2002,South America,2,87,135,126,128,133,96
Guatemala,2003,South America,2,87,137,127,135,132,96
Guatemala,2004,South America,2,88,136,128,136,132,96
Guatemala,2005,South America,2,89,137,131,136,135,95
Guatemala,2006,South America,2,87,133,133,142,132,97
Guatemala,2007,South America,2,87,135,134,143,130,97
Guatemala,2008,South America,2,88,133,136,146,130,96
Guatemala,2009,South America,2,87,135,134,144,131,96
Guatemala,2010,South America,2,88,136,136,149,132,97
Guatemala,2011,South America,2,87,135,139,149,131,97
Guatemala,2012,South America,2,87,136,138,148,130,96
Guatemala,2013,South America,2,87,133,138,148,130,97
Guatemala,2014,South America,2,87,135,137,143,133,96
Guatemala,2015,South America,2,87,136,133,136,133,96
Guatemala,2016,South America,2,87,136,130,133,131,97
Guatemala,2017,South America,2,88,136,128,133,131,96
Guatemala,2018,South America,2,87,136,131,135,132,95
Guatemala,2019,South America,2,89,137,132,132,132,96
Guatemala,2020,South America,2,87,135,132,126,145,96
Guatemala,2021,South America,2,88,136,137,128,153,97
Guatemala,2022,South America,2,87,135,134,129,144,96
Guatemala,2023,South America,2,87,137,128,129,128,96
Guatemala,2024,South America,2,90,135,129,130,128,95
Guatemala,2025,South America,2,87,137,129,130,128,96
Guatemala,2026,South America,2,87,134,129,130,128,95
Guinea,2000,Africa,3,182,179,186,177,192,193
Guinea,2001,Africa,3,182,180,188,180,192,194
Guinea,2002,Africa,3,181,180,190,181,192,193
Guinea,2003,Africa,3,181,179,190,180,191,192
Guinea,2004,Africa,3,182,178,192,183,192,194
Guinea,2005,Africa,3,182,180,197,196,193,193
Guinea,2006,Africa,3,182,180,197,202,195,193
Guinea,2007,Africa,3,180,179,196,193,196,194
Guinea,2008,Africa,3,182,178,196,194,199,192
Guinea,2009,Africa,3,182,178,198,200,202,190
Guinea,2010,Africa,3,183,179,198,202,202,193
Guinea,2011,Africa,3,182,179,200,207,205,191
Guinea,2012,Africa,3,181,179,199,203,206,192
Guinea,2013,Africa,3,181,179,199,202,206,191
Guinea,2014,Africa,3,182,179,198,201,208,191
Guinea,2015,Africa,3,182,179,198,202,208,193
Guinea,2016,Africa,3,182,179,198,203,208,191
Guinea,2017,Africa,3,184,179,198,198,208,192
Guinea,2018,Africa,3,182,179,196,196,209,193
Guinea,2019,Africa,3,183,178,195,193,210,190
Guinea,2020,Africa,3,182,177,195,190,210,191
Guinea,2021,Africa,3,182,178,194,188,209,192
Guinea,2022,Africa,3,183,178,191,186,209,191
Guinea,2023,Africa,3,181,178,190,183,210,192
Guinea,2024,Africa,3,185,178,190,182,210,191
Guinea,2025,Africa,3,182,177,190,182,210,190
Guinea,2026,Africa,3,182,178,190,182,210,189
Guinea-Bissau,2000,Africa,4,202,193,187,196,201,205
Guinea-Bissau,2001,Africa,4,202,193,188,195,200,204
Guinea-Bissau,2002,Africa,4,202,192,192,195,198,206
Guinea-Bissau,2003,Africa,4,202,192,195,191,200,205
Guinea-Bissau,2004,Africa,4,202,192,197,196,200,206
Guinea-Bissau,2005,Africa,4,202,192,198,197,203,205
Guinea-Bissau,2006,Africa,4,202,192,198,200,201,205
Guinea-Bissau,2007,Africa,4,202,192,201,198,200,204
Guinea-Bissau,2008,Africa,4,202,192,202,198,202,205
Guinea-Bissau,2009,Africa,4,202,193,206,205,200,204
Guinea-Bissau,2010,Africa,4,202,192,207,204,199,204
Guinea-Bissau,2011,Africa,4,202,192,205,203,199,205
Guinea-Bissau,2012,Africa,4,201,192,208,209,198,205
Guinea-Bissau,2013,Africa,4,202,192,209,207,197,204
Guinea-Bissau,2014,Africa,4,202,193,209,207,196,204
Guinea-Bissau,2015,Africa,4,202,192,205,205,196,204
Guinea-Bissau,2016,Africa,4,202,193,204,204,197,204
Guinea-Bissau,2017,Africa,4,202,192,202,201,196,205
Guinea-Bissau,2018,Africa,4,202,193,202,200,196,205
Guinea-Bissau,2019,Africa,4,202,193,203,202,196,204
Guinea-Bissau,2020,Africa,4,202,192,203,197,200,204
Guinea-Bissau,2021,Africa,4,202,192,201,197,192,204
Guinea-Bissau,2022,Africa,4,202,191,201,203,192,204
Guinea-Bissau,2023,Africa,4,202,191,201,200,193,205
Guinea-Bissau,2024,Africa,4,202,191,200,201,193,205
Guinea-Bissau,2025,Africa,4,202,191,200,201,193,205
Guinea-Bissau,2026,Africa,4,202,191,200,201,193,205
Guyana,2000,South America,1,26,38,140,151,150,63
Guyana,2001,South America,1,28,37,141,147,150,63
Guyana,2002,South America,1,26,38,141,149,151,63
Guyana,2003,South America,1,24,40,143,156,157,63
Guyana,2004,South America,1,27,38,145,159,159,62
Guyana,2005,South America,1,28,1,149,163,159,62
Guyana,2006,South America,1,27,1,126,123,159,62
Guyana,2007,South America,1,26,1,127,124,158,62
Guyana,2008,South America,1,27,1,128,128,159,62
Guyana,2009,South America,1,23,1,124,121,158,62
Guyana,2010,South America,1,26,1,125,123,158,63
Guyana,2011,South America,1,28,1,127,128,158,62
Guyana,2012,South America,1,27,1,127,125,157,63
Guyana,2013,South America,1,26,1,128,125,157,62
Guyana,2014,South America,1,33,1,127,125,156,62
Guyana,2015,South America,1,29,1,121,118,154,63
Guyana,2016,South America,1,31,1,119,112,155,62
Guyana,2017,South America,1,25,1,117,113,155,62
Guyana,2018,South America,1,28,1,118,118,155,62
Guyana,2019,South America,1,28,1,115,115,155,63
Guyana,2020,South America,1,27,1,110,104,158,62
Guyana,2021,South America,1,26,1,108,95,178,62
Guyana,2022,South America,1,28,1,86,77,154,63
Guyana,2023,South America,1,26,1,84,75,151,63
Guyana,2024,South America,1,25,1,80,57,151,62
Guyana,2025,South America,1,31,1,80,57,151,62
Guyana,2026,South America,1,30,1,80,57,151,62
Haiti,2000,South America,3,180,166,165,156,175,177
Haiti,2001,South America,3,181,166,166,159,176,178
Haiti,2002,South America,3,183,166,168,167,176,177
Haiti,2003,South America,3,182,166,175,178,176,178
Haiti,2004,South America,3,181,165,179,177,179,178
Haiti,2005,South America,3,181,165,174,178,176,178
Haiti,2006,South America,3,181,166,176,180,176,178
Haiti,2007,South America,3,181,165,174,177,177,178
Haiti,2008,South America,3,181,165,178,177,175,178
Haiti,2009,South America,3,181,166,176,173,178,178
Haiti,2010,South America,3,180,166,205,178,217,178
Haiti,2011,South America,3,181,166,180,178,181,178
Haiti,2012,South America,3,182,166,179,176,180,177
Haiti,2013,South America,3,182,166,180,175,180,178
Haiti,2014,South America,3,181,166,180,177,182,178
Haiti,2015,South America,3,180,166,181,175,183,177
Haiti,2016,South America,3,181,166,183,182,187,177
Haiti,2017,South America,3,181,166,184,182,184,177
Haiti,2018,South America,3,181,165,184,181,186,177
Haiti,2019,South America,3,182,165,185,185,186,178
Haiti,2020,South America,3,181,166,186,183,187,177
Haiti,2021,South America,3,181,165,183,178,186,177
Haiti,2022,South America,3,181,166,184,179,191,177
Haiti,2023,South America,3,183,166,184,182,190,177
Haiti,2024,South America,3,180,166,179,176,190,177
Haiti,2025,South America,3,181,166,179,176,190,177
Haiti,2026,South America,3,181,166,179,176,190,177
Honduras,2000,South America,3,177,150,144,142,127,152
Honduras,2001,South America,3,177,149,144,143,128,152
Honduras,2002,South America,3,177,150,143,143,126,152
Honduras,2003,South America,3,178,150,146,143,127,152
Honduras,2004,South America,3,177,150,149,148,127,152
Honduras,2005,South America,3,175,150,153,150,127,152
Honduras,2006,South America,3,177,151,153,154,128,152
Honduras,2007,South America,3,177,150,154,157,129,152
Honduras,2008,South America,3,177,150,154,159,129,152
Honduras,2009,South America,3,178,151,154,158,129,152
Honduras,2010,South America,3,176,151,156,161,135,152
Honduras,2011,South America,3,179,150,156,162,134,152
Honduras,2012,South America,3,177,150,156,162,132,152
Honduras,2013,South America,3,177,150,156,164,131,152
Honduras,2014,South America,3,177,151,156,163,131,152
Honduras,2015,South America,3,176,150,156,162,128,152
Honduras,2016,South America,3,176,150,156,159,128,153
Honduras,2017,South America,3,179,151,155,161,128,152
Honduras,2018,South America,3,177,150,154,162,128,152
Honduras,2019,South America,3,177,150,155,162,127,152
Honduras,2020,South America,3,177,150,154,160,135,152
Honduras,2021,South America,3,176,150,155,158,138,152
Honduras,2022,South America,3,177,151,155,160,124,152
Honduras,2023,South America,3,177,150,151,158,125,152
Honduras,2024,South America,3,179,151,153,157,125,152
Honduras,2025,South America,3,179,150,153,157,125,152
Honduras,2026,South America,3,177,150,153,157,125,152
"Hong Kong SAR, China",2000,Asia,1,40,22,15,29,4,49
"Hong Kong SAR, China",2001,Asia,1,46,21,16,29,3,49
"Hong Kong SAR, China",2002,Asia,1,49,1,16,32,4,48
"Hong Kong SAR, China",2003,Asia,1,46,1,28,37,4,49
"Hong Kong SAR, China",2004,Asia,1,43,1,31,41,4,48
"Hong Kong SAR, China",2005,Asia,1,44,1,33,42,5,49
"Hong Kong SAR, China",2006,Asia,1,47,1,31,44,3,49
"Hong Kong SAR, China",2007,Asia,1,41,1,35,45,5,48
"Hong Kong SAR, China",2008,Asia,1,47,1,36,45,6,48
"Hong Kong SAR, China",2009,Asia,1,42,1,33,43,5,49
"Hong Kong SAR, China",2010,Asia,1,43,1,32,42,4,49
"Hong Kong SAR, China",2011,Asia,1,42,1,31,41,4,47
"Hong Kong SAR, China",2012,Asia,1,47,1,27,39,4,49
"Hong Kong SAR, China",2013,Asia,1,44,1,26,38,4,48
"Hong Kong SAR, China",2014,Asia,1,40,1,25,37,4,49
"Hong Kong SAR, China",2015,Asia,1,47,1,17,30,4,49
"Hong Kong SAR, China",2016,Asia,1,48,1,16,26,4,49
"Hong Kong SAR, China",2017,Asia,1,41,1,15,25,3,48
"Hong Kong SAR, China",2018,Asia,1,48,1,15,27,3,49
"Hong Kong SAR, China",2019,Asia,1,48,1,14,25,3,50
"Hong Kong SAR, China",2020,Asia,1,47,1,13,26,2,48
"Hong Kong SAR, China",2021,Asia,1,41,1,12,31,1,48
"Hong Kong SAR, China",2022,Asia,1,42,1,21,32,7,50
"Hong Kong SAR, China",2023,Asia,1,42,1,16,31,3,50
"Hong Kong SAR, China",2024,Asia,1,48,1,15,29,3,49
"Hong Kong SAR, China",2025,Asia,1,39,1,17,29,3,49
"Hong Kong SAR, China",2026,Asia,1,48,1,18,29,3,48
Hungary,2000,Europe,1,27,69,79,83,99,38
Hungary,2001,Europe,1,31,69,77,79,89,38
Hungary,2002,Europe,1,34,68,73,73,91,38
Hungary,2003,Europe,1,32,68,71,71,94,38
Hungary,2004,Europe,1,29,68,70,69,94,37
Hungary,2005,Europe,1,30,69,69,70,98,38
Hungary,2006,Europe,1,26,70,73,72,94,38
Hungary,2007,Europe,1,31,69,72,71,97,38
Hungary,2008,Europe,1,26,69,72,72,90,38
Hungary,2009,Europe,1,32,69,72,72,91,38
Hungary,2010,Europe,1,25,69,73,73,92,38
Hungary,2011,Europe,1,25,69,74,75,85,38
Hungary,2012,Europe,1,28,68,75,79,85,38
Hungary,2013,Europe,1,30,1,75,78,82,38
Hungary,2014,Europe,1,28,1,76,76,82,38
Hungary,2015,Europe,1,28,1,77,78,86,38
Hungary,2016,Europe,1,26,1,75,77,84,37
Hungary,2017,Europe,1,30,1,76,77,86,38
Hungary,2018,Europe,1,33,1,75,74,86,38
Hungary,2019,Europe,1,31,1,75,74,86,38
Hungary,2020,Europe,1,34,1,76,69,83,38
Hungary,2021,Europe,1,32,1,75,68,84,38
Hungary,2022,Europe,1,32,1,75,75,89,38
Hungary,2023,Europe,1,30,1,74,68,87,37
Hungary,2024,Europe,1,31,1,75,70,87,38
Hungary,2025,Europe,1,25,1,75,70,87,38
Hungary,2026,Europe,1,25,1,75,70,87,38
Iceland,2000,Europe,1,65,34,13,21,10,27
Iceland,2001,Europe,1,63,34,13,21,6,26
Iceland,2002,Europe,1,66,34,12,17,8,27
Iceland,2003,Europe,1,66,34,11,16,7,26
Iceland,2004,Europe,1,64,1,10,14,8,28
Iceland,2005,Europe,1,63,1,6,7,6,26
Iceland,2006,Europe,1,64,1,8,11,9,27
Iceland,2007,Europe,1,63,1,4,8,8,27
Iceland,2008,Europe,1,67,1,10,15,9,28
Iceland,2009,Europe,1,66,1,20,30,9,26
Iceland,2010,Europe,1,64,1,21,31,10,27
Iceland,2011,Europe,1,65,1,20,29,9,27
Iceland,2012,Europe,1,66,1,19,30,6,28
Iceland,2013,Europe,1,69,1,21,26,15,28
Iceland,2014,Europe,1,67,1,16,21,10,26
Iceland,2015,Europe,1,65,1,16,18,13,27
Iceland,2016,Europe,1,67,1,9,13,22,26
Iceland,2017,Europe,1,64,1,6,10,14,27
Iceland,2018,Europe,1,65,1,5,11,14,26
Iceland,2019,Europe,1,63,1,9,13,15,27
Iceland,2020,Europe,1,65,1,10,16,10,27
Iceland,2021,Europe,1,65,1,7,15,11,26
Iceland,2022,Europe,1,65,1,9,13,24,27
Iceland,2023,Europe,1,62,1,11,12,26,26
Iceland,2024,Europe,1,64,1,12,12,26,26
Iceland,2025,Europe,1,67,1,12,12,26,27
Iceland,2026,Europe,1,64,1,12,12,26,26
India,2000,Asia,3,193,198,169,183,157,180
India,2001,Asia,3,193,198,168,184,159,181
India,2002,Asia,3,193,199,167,183,157,178
India,2003,Asia,3,193,198,167,182,158,179
India,2004,Asia,3,193,198,167,179,158,177
India,2005,Asia,3,193,198,165,183,156,177
India,2006,Asia,3,193,198,167,184,156,177
India,2007,Asia,3,193,198,165,175,155,177
India,2008,Asia,3,193,198,168,184,156,176
India,2009,Asia,3,193,198,166,179,155,176
India,2010,Asia,3,193,198,164,173,155,174
India,2011,Asia,3,193,198,166,174,154,174
India,2012,Asia,3,193,198,165,174,153,172
India,2013,Asia,3,193,198,165,176,153,172
India,2014,Asia,3,193,198,163,174,153,171
India,2015,Asia,3,193,198,161,170,150,158
India,2016,Asia,3,193,198,162,170,147,157
India,2017,Asia,3,193,198,161,169,145,158
India,2018,Asia,3,193,197,161,170,146,158
India,2019,Asia,3,193,197,162,171,146,163
India,2020,Asia,3,193,197,160,172,142,164
India,2021,Asia,3,193,197,164,170,156,162
India,2022,Asia,3,193,197,159,171,137,163
India,2023,Asia,3,193,197,159,167,137,164
India,2024,Asia,3,193,197,160,167,137,167
India,2025,Asia,3,193,198,160,167,137,168
India,2026,Asia,3,193,198,160,167,137,164
Indonesia,2000,Asia,2,142,169,147,158,138,165
Indonesia,2001,Asia,2,143,168,150,161,138,170
Indonesia,2002,Asia,2,143,171,144,157,138,167
Indonesia,2003,Asia,2,143,170,144,147,139,172
Indonesia,2004,Asia,2,143,169,152,153,147,172
Indonesia,2005,Asia,2,143,171,148,152,139,169
Indonesia,2006,Asia,2,143,171,145,152,141,175
Indonesia,2007,Asia,2,142,173,142,151,140,170
Indonesia,2008,Asia,2,143,173,142,152,143,171
Indonesia,2009,Asia,2,143,173,141,150,144,175
Indonesia,2010,Asia,2,141,175,137,140,148,177
Indonesia,2011,Asia,2,143,174,140,141,150,177
Indonesia,2012,Asia,2,143,175,140,141,150,180
Indonesia,2013,Asia,2,143,176,143,146,147,173
Indonesia,2014,Asia,2,143,176,144,147,148,177
Indonesia,2015,Asia,2,143,176,142,147,147,184
Indonesia,2016,Asia,2,143,177,140,145,146,184
Indonesia,2017,Asia,2,143,177,142,143,147,180
Indonesia,2018,Asia,2,143,177,142,145,148,187
Indonesia,2019,Asia,2,143,177,142,142,147,177
Indonesia,2020,Asia,2,143,179,143,139,153,187
Indonesia,2021,Asia,2,144,179,144,138,155,184
Indonesia,2022,Asia,2,143,179,137,137,148,195
Indonesia,2023,Asia,2,142,180,137,139,145,184
Indonesia,2024,Asia,2,143,182,141,141,146,193
Indonesia,2025,Asia,2,143,182,141,141,146,193
Indonesia,2026,Asia,2,143,181,141,141,146,197
"Iran, Islamic Rep.",2000,Asia,2,122,138,117,122,115,94
"Iran, Islamic Rep.",2001,Asia,2,122,138,114,118,111,94
"Iran, Islamic Rep.",2002,Asia,2,121,137,116,123,107,93
"Iran, Islamic Rep.",2003,Asia,2,122,135,115,121,119,94
"Iran, Islamic Rep.",2004,Asia,2,123,137,111,118,103,94
"Iran, Islamic Rep.",2005,Asia,2,118,135,112,117,102,93
"Iran, Islamic Rep.",2006,Asia,2,123,135,111,116,97,95
"Iran, Islamic Rep.",2007,Asia,2,123,137,106,113,95,94
"Iran, Islamic Rep.",2008,Asia,2,121,137,105,111,92,94
"Iran, Islamic Rep.",2009,Asia,2,123,137,104,106,88,94
"Iran, Islamic Rep.",2010,Asia,2,123,137,100,106,89,94
"Iran, Islamic Rep.",2011,Asia,2,119,136,94,96,89,95
"Iran, Islamic Rep.",2012,Asia,2,119,138,95,99,86,93
"Iran, Islamic Rep.",2013,Asia,2,123,138,105,117,87,95
"Iran, Islamic Rep.",2014,Asia,2,119,136,110,123,85,93
"Iran, Islamic Rep.",2015,Asia,2,121,135,109,123,83,93
"Iran, Islamic Rep.",2016,Asia,2,121,135,103,115,80,94
"Iran, Islamic Rep.",2017,Asia,2,123,135,105,117,79,94
"Iran, Islamic Rep.",2018,Asia,2,123,135,111,127,79,94
"Iran, Islamic Rep.",2019,Asia,2,119,134,118,144,76,93
"Iran, Islamic Rep.",2020,Asia,2,122,137,130,154,100,94
"Iran, Islamic Rep.",2021,Asia,2,122,135,116,133,90,94
"Iran, Islamic Rep.",2022,Asia,2,121,137,117,138,76,94
"Iran, Islamic Rep.",2023,Asia,2,120,136,115,137,74,94
"Iran, Islamic Rep.",2024,Asia,2,120,137,115,138,76,93
"Iran, Islamic Rep.",2025,Asia,2,120,134,115,138,76,94
"Iran, Islamic Rep.",2026,Asia,2,123,136,115,138,76,94
Iraq,2000,Asia,2,143,124,125,115,144,145
Iraq,2001,Asia,2,141,123,133,132,144,145
Iraq,2002,Asia,2,142,122,138,139,141,146
Iraq,2003,Asia,2,142,124,154,166,151,145
Iraq,2004,Asia,2,141,121,148,145,156,146
Iraq,2005,Asia,2,141,122,145,143,158,145
Iraq,2006,Asia,2,142,123,144,139,164,146
Iraq,2007,Asia,2,143,122,138,131,162,144
Iraq,2008,Asia,2,142,124,132,119,153,145
Iraq,2009,Asia,2,139,123,133,129,150,145
Iraq,2010,Asia,2,143,123,132,126,151,144
Iraq,2011,Asia,2,142,124,129,118,152,144
Iraq,2012,Asia,2,139,123,125,112,151,145
Iraq,2013,Asia,2,140,124,124,114,148,145
Iraq,2014,Asia,2,141,124,128,118,146,146
Iraq,2015,Asia,2,139,123,132,128,144,145
Iraq,2016,Asia,2,139,124,137,128,153,143
Iraq,2017,Asia,2,142,121,132,126,149,145
Iraq,2018,Asia,2,142,123,127,123,139,145
Iraq,2019,Asia,2,141,123,127,123,139,145
Iraq,2020,Asia,2,142,122,136,131,148,145
Iraq,2021,Asia,2,142,121,128,129,129,145
Iraq,2022,Asia,2,142,122,122,120,134,145
Iraq,2023,Asia,2,141,123,127,126,131,144
Iraq,2024,Asia,2,142,122,130,131,132,145
Iraq,2025,Asia,2,141,121,130,131,132,146
Iraq,2026,Asia,2,142,124,130,131,132,145
Ireland,2000,Europe,1,78,52,39,27,41,8
Ireland,2001,Europe,1,79,52,30,22,39,7
Ireland,2002,Europe,1,80,52,20,18,38,6
Ireland,2003,Europe,1,76,51,15,14,35,7
Ireland,2004,Europe,1,79,51,14,15,36,7
Ireland,2005,Europe,1,77,52,14,16,33,7
Ireland,2006,Europe,1,77,52,12,12,33,6
Ireland,2007,Europe,1,76,1,12,12,30,8
Ireland,2008,Europe,1,80,1,15,13,28,7
Ireland,2009,Europe,1,80,1,16,17,30,7
Ireland,2010,Europe,1,77,1,23,21,25,8
Ireland,2011,Europe,1,80,1,23,20,30,6
Ireland,2012,Europe,1,78,1,25,25,30,6
Ireland,2013,Europe,1,77,1,25,23,35,7
Ireland,2014,Europe,1,76,1,20,19,32,7
Ireland,2015,Europe,1,77,1,11,11,31,6
Ireland,2016,Europe,1,78,1,13,12,28,6
Ireland,2017,Europe,1,77,1,8,11,24,7
Ireland,2018,Europe,1,77,1,8,10,26,8
Ireland,2019,Europe,1,80,1,6,9,22,7
Ireland,2020,Europe,1,76,1,5,6,16,6
Ireland,2021,Europe,1,78,1,8,5,22,6
Ireland,2022,Europe,1,80,1,7,6,20,6
Ireland,2023,Europe,1,74,1,8,5,25,6
Ireland,2024,Europe,1,76,1,8,5,23,7
Ireland,2025,Europe,1,76,1,10,5,23,7
Ireland,2026,Europe,1,77,1,10,5,23,7
Isle of Man,2000,Europe,1,15,55,46,42,54,23
Isle of Man,2001,Europe,1,12,54,44,38,52,22
Isle of Man,2002,Europe,1,18,53,40,33,51,23
Isle of Man,2003,Europe,1,19,54,40,32,51,21
Isle of Man,2004,Europe,1,13,54,38,27,48,22
Isle of Man,2005,Europe,1,15,54,38,28,46,23
Isle of Man,2006,Europe,1,11,54,34,25,45,21
Isle of Man,2007,Europe,1,14,54,22,14,41,24
Isle of Man,2008,Europe,1,17,1,11,11,39,21
Isle of Man,2009,Europe,1,18,1,11,8,38,23
Isle of Man,2010,Europe,1,12,1,10,9,37,24
Isle of Man,2011,Europe,1,17,1,11,8,40,23
Isle of Man,2012,Europe,1,13,1,10,8,41,24
Isle of Man,2013,Europe,1,14,1,11,9,43,23
Isle of Man,2014,Europe,1,17,1,11,7,43,21
Isle of Man,2015,Europe,1,15,1,10,6,45,24
Isle of Man,2016,Europe,1,15,1,10,6,43,22
Isle of Man,2017,Europe,1,13,1,13,6,43,24
Isle of Man,2018,Europe,1,19,1,13,5,43,23
Isle of Man,2019,Europe,1,15,1,13,6,44,23
Isle of Man,2020,Europe,1,18,1,12,8,38,21
Isle of Man,2021,Europe,1,13,1,16,8,37,23
Isle of Man,2022,Europe,1,14,1,15,11,39,22
Isle of Man,2023,Europe,1,10,1,18,9,47,23
Isle of Man,2024,Europe,1,13,1,20,9,46,23
Isle of Man,2025,Europe,1,14,1,21,9,46,22
Isle of Man,2026,Europe,1,19,1,21,9,46,21
Israel,2000,Asia,1,62,1,34,41,17,3
Israel,2001,Asia,1,58,1,36,40,13,2
Israel,2002,Asia,1,61,1,37,43,17,2
Israel,2003,Asia,1,60,1,42,48,16,3
Israel,2004,Asia,1,62,1,43,53,16,2
Israel,2005,Asia,1,59,1,44,53,17,2
Israel,2006,Asia,1,61,1,43,53,17,2
Israel,2007,Asia,1,61,1,43,51,19,3
Israel,2008,Asia,1,60,1,40,48,17,2
Israel,2009,Asia,1,61,1,39,46,16,2
Israel,2010,Asia,1,63,1,38,43,16,2
Israel,2011,Asia,1,64,1,37,42,18,3
Israel,2012,Asia,1,60,1,38,42,17,2
Israel,2013,Asia,1,62,1,36,39,16,2
Israel,2014,Asia,1,59,1,36,39,17,2
Israel,2015,Asia,1,59,1,36,37,21,2
Israel,2016,Asia,1,60,1,32,36,16,2
Israel,2017,Asia,1,60,1,29,33,18,2
Israel,2018,Asia,1,63,1,28,35,15,2
Israel,2019,Asia,1,61,1,28,32,21,2
Israel,2020,Asia,1,60,1,22,28,13,2
Israel,2021,Asia,1,59,1,22,28,18,2
Israel,2022,Asia,1,62,1,20,23,17,2
Israel,2023,Asia,1,63,1,23,30,16,2
Israel,2024,Asia,1,60,1,24,30,17,2
Israel,2025,Asia,1,62,1,24,30,17,2
Israel,2026,Asia,1,62,1,24,30,17,2
Italy,2000,Europe,1,64,1,33,44,8,26
Italy,2001,Europe,1,67,1,31,42,10,27
Italy,2002,Europe,1,67,1,29,36,10,26
Italy,2003,Europe,1,64,1,27,34,12,28
Italy,2004,Europe,1,68,1,21,35,11,26
Italy,2005,Europe,1,66,1,25,37,11,27
Italy,2006,Europe,1,66,1,27,39,8,26
Italy,2007,Europe,1,66,1,29,37,10,26
Italy,2008,Europe,1,63,1,27,36,12,26
Italy,2009,Europe,1,64,1,31,38,11,27
Italy,2010,Europe,1,67,1,31,38,9,26
Italy,2011,Europe,1,63,1,32,39,11,26
Italy,2012,Europe,1,67,1,36,41,12,26
Italy,2013,Europe,1,66,1,34,41,9,27
Italy,2014,Europe,1,64,1,34,42,8,28
Italy,2015,Europe,1,67,1,37,43,12,26
Italy,2016,Europe,1,64,1,37,41,9,27
Italy,2017,Europe,1,68,1,36,42,11,26
Italy,2018,Europe,1,68,1,36,41,9,27
Italy,2019,Europe,1,65,1,37,42,11,26
Italy,2020,Europe,1,67,1,37,42,20,26
Italy,2021,Europe,1,68,1,36,42,16,28
Italy,2022,Europe,1,68,1,37,44,17,26
Italy,2023,Europe,1,65,1,37,41,13,27
Italy,2024,Europe,1,66,1,35,41,11,27
Italy,2025,Europe,1,66,1,35,41,11,26
Italy,2026,Europe,1,68,1,35,41,11,28
Jamaica,2000,South America,2,114,127,96,96,98,119
Jamaica,2001,South America,2,113,127,95,96,103,119
Jamaica,2002,South America,2,112,127,94,94,105,119
Jamaica,2003,South America,2,115,127,100,97,105,119
Jamaica,2004,South America,2,116,126,103,102,109,119
Jamaica,2005,South America,2,117,127,106,103,111,119
Jamaica,2006,South America,2,116,127,108,109,114,119
Jamaica,2007,South America,2,116,128,111,112,116,119
Jamaica,2008,South America,2,117,127,113,113,117,119
Jamaica,2009,South America,2,113,127,118,116,114,119
Jamaica,2010,South America,2,114,127,120,119,116,119
Jamaica,2011,South America,2,112,126,118,123,116,119
Jamaica,2012,South America,2,115,127,119,126,117,119
Jamaica,2013,South America,2,115,126,122,127,118,119
Jamaica,2014,South America,2,113,128,125,129,120,119
Jamaica,2015,South America,2,113,127,120,120,122,119
Jamaica,2016,South America,2,118,127,120,120,122,119
Jamaica,2017,South America,2,116,128,121,121,127,119
Jamaica,2018,South America,2,112,127,123,121,131,119
Jamaica,2019,South America,2,115,127,124,120,135,119
Jamaica,2020,South America,2,117,127,120,120,127,120
Jamaica,2021,South America,2,111,127,129,120,144,119
Jamaica,2022,South America,2,117,126,125,117,141,119
Jamaica,2023,South America,2,117,126,122,113,141,119
Jamaica,2024,South America,2,114,126,124,113,142,119
Jamaica,2025,South America,2,112,126,123,113,142,119
Jamaica,2026,South America,2,117,126,123,113,142,119
Japan,2000,Asia,1,96,25,5,16,3,55
Japan,2001,Asia,1,94,27,7,19,4,55
Japan,2002,Asia,1,96,32,9,15,3,54
Japan,2003,Asia,1,96,1,12,20,3,55
Japan,2004,Asia,1,98,1,12,23,3,55
Japan,2005,Asia,1,98,1,12,26,3,55
Japan,2006,Asia,1,95,1,16,35,4,55
Japan,2007,Asia,1,94,1,24,39,4,54
Japan,2008,Asia,1,95,1,21,37,5,55
Japan,2009,Asia,1,94,1,13,29,4,55
Japan,2010,Asia,1,97,1,16,27,5,55
Japan,2011,Asia,1,96,1,17,28,6,55
Japan,2012,Asia,1,96,1,15,24,5,55
Japan,2013,Asia,1,93,1,24,37,5,55
Japan,2014,Asia,1,97,1,29,38,5,55
Japan,2015,Asia,1,95,1,26,38,5,55
Japan,2016,Asia,1,95,1,22,33,5,55
Japan,2017,Asia,1,98,1,23,36,5,55
Japan,2018,Asia,1,94,1,24,37,5,55
Japan,2019,Asia,1,93,1,23,35,4,55
Japan,2020,Asia,1,94,1,18,32,3,54
Japan,2021,Asia,1,98,1,24,38,3,55
Japan,2022,Asia,1,95,1,32,45,5,55
Japan,2023,Asia,1,95,1,38,48,7,54
Japan,2024,Asia,1,93,1,41,51,10,55
Japan,2025,Asia,1,98,1,41,51,10,55
Japan,2026,Asia,1,98,1,41,51,10,55
Jordan,2000,Asia,2,107,103,110,127,91,99
Jordan,2001,Asia,2,105,104,113,127,91,98
Jordan,2002,Asia,2,107,104,113,127,90,98
Jordan,2003,Asia,2,106,103,116,134,90,98
Jordan,2004,Asia,2,106,104,117,134,89,98
Jordan,2005,Asia,2,106,103,118,135,93,98
Jordan,2006,Asia,2,105,103,121,138,92,98
Jordan,2007,Asia,2,105,104,125,142,91,98
Jordan,2008,Asia,2,105,103,119,133,94,98
Jordan,2009,Asia,2,106,104,114,128,93,98
Jordan,2010,Asia,2,106,103,117,129,94,99
Jordan,2011,Asia,2,108,103,119,131,97,98
Jordan,2012,Asia,2,105,103,118,129,100,98
Jordan,2013,Asia,2,105,104,117,129,100,98
Jordan,2014,Asia,2,106,103,117,132,98,98
Jordan,2015,Asia,2,106,103,117,127,93,98
Jordan,2016,Asia,2,106,103,114,127,88,98
Jordan,2017,Asia,2,108,104,115,129,83,98
Jordan,2018,Asia,2,106,103,115,131,83,98
Jordan,2019,Asia,2,106,104,113,131,75,98
Jordan,2020,Asia,2,105,103,112,127,81,99
Jordan,2021,Asia,2,107,103,115,134,82,98
Jordan,2022,Asia,2,106,103,116,136,73,98
Jordan,2023,Asia,2,107,103,116,138,71,98
Jordan,2024,Asia,2,106,1,116,140,71,98
Jordan,2025,Asia,2,107,1,116,140,71,98
Jordan,2026,Asia,2,107,1,116,140,71,98
Kazakhstan,2000,Europe,2,118,91,143,139,151,135
Kazakhstan,2001,Europe,2,116,90,137,134,152,135
Kazakhstan,2002,Europe,2,118,91,134,131,150,135
Kazakhstan,2003,Europe,2,113,90,134,128,152,135
Kazakhstan,2004,Europe,2,115,90,127,117,151,135
Kazakhstan,2005,Europe,2,119,90,126,111,152,135
Kazakhstan,2006,Europe,2,120,90,120,102,154,135
Kazakhstan,2007,Europe,2,119,91,118,97,152,135
Kazakhstan,2008,Europe,2,119,91,114,93,151,135
Kazakhstan,2009,Europe,2,116,90,117,98,152,135
Kazakhstan,2010,Europe,2,116,91,111,89,150,135
Kazakhstan,2011,Europe,2,120,91,102,83,144,135
Kazakhstan,2012,Europe,2,118,92,100,85,139,135
Kazakhstan,2013,Europe,2,116,91,95,80,132,135
Kazakhstan,2014,Europe,2,118,90,95,82,125,135
Kazakhstan,2015,Europe,2,118,91,97,85,123,135
Kazakhstan,2016,Europe,2,114,92,108,101,121,135
Kazakhstan,2017,Europe,2,114,90,103,96,117,135
Kazakhstan,2018,Europe,2,119,92,103,96,115,135
Kazakhstan,2019,Europe,2,118,92,101,96,114,135
Kazakhstan,2020,Europe,2,118,90,101,93,133,135
Kazakhstan,2021,Europe,2,121,90,101,93,131,135
Kazakhstan,2022,Europe,2,113,1,98,93,117,135
Kazakhstan,2023,Europe,2,114,1,96,92,112,135
Kazakhstan,2024,Europe,2,115,1,96,88,113,135
Kazakhstan,2025,Europe,2,118,1,96,88,113,135
Kazakhstan,2026,Europe,2,119,1,96,87,113,135
Kenya,2000,Africa,3,165,185,183,186,184,148
Kenya,2001,Africa,3,163,183,183,188,184,148
Kenya,2002,Africa,3,164,185,186,186,183,148
Kenya,2003,Africa,3,164,185,187,187,182,147
Kenya,2004,Africa,3,165,185,188,189,182,148
Kenya,2005,Africa,3,165,184,187,189,182,148
Kenya,2006,Africa,3,164,185,184,185,182,148
Kenya,2007,Africa,3,162,184,183,185,183,148
Kenya,2008,Africa,3,165,183,183,186,181,148
Kenya,2009,Africa,3,165,185,181,180,183,148
Kenya,2010,Africa,3,161,184,181,184,182,148
Kenya,2011,Africa,3,165,185,186,188,184,147
Kenya,2012,Africa,3,160,183,185,179,187,148
Kenya,2013,Africa,3,163,185,185,180,188,148
Kenya,2014,Africa,3,165,182,184,176,189,148
Kenya,2015,Africa,3,164,183,182,173,189,148
Kenya,2016,Africa,3,162,182,182,174,190,148
Kenya,2017,Africa,3,165,184,183,174,189,148
Kenya,2018,Africa,3,162,183,182,174,189,147
Kenya,2019,Africa,3,164,186,182,172,192,148
Kenya,2020,Africa,3,166,183,182,171,195,148
Kenya,2021,Africa,3,164,183,184,174,196,147
Kenya,2022,Africa,3,164,184,181,173,193,147
Kenya,2023,Africa,3,164,184,183,176,197,148
Kenya,2024,Africa,3,164,183,183,173,197,148
Kenya,2025,Africa,3,164,186,183,173,197,148
Kenya,2026,Africa,3,164,183,183,173,197,147
Kiribati,2000,Asia,3,173,152,155,153,146,153
Kiribati,2001,Asia,3,176,152,157,162,146,153
Kiribati,2002,Asia,3,172,153,156,160,147,153
Kiribati,2003,Asia,3,171,153,156,152,148,153
Kiribati,2004,Asia,3,175,152,157,156,149,153
Kiribati,2005,Asia,3,172,152,158,158,150,153
Kiribati,2006,Asia,3,173,153,161,169,155,153
Kiribati,2007,Asia,3,176,152,158,166,156,153
Kiribati,2008,Asia,3,175,152,163,170,158,153
Kiribati,2009,Asia,3,172,153,164,169,159,153
Kiribati,2010,Asia,3,171,152,165,168,160,153
Kiribati,2011,Asia,3,174,152,165,166,160,153
Kiribati,2012,Asia,3,175,152,163,166,159,153
Kiribati,2013,Asia,3,176,152,167,171,159,153
Kiribati,2014,Asia,3,175,153,168,169,163,153
Kiribati,2015,Asia,3,172,152,171,169,165,153
Kiribati,2016,Asia,3,172,153,168,169,166,152
Kiribati,2017,Asia,3,176,152,171,171,169,153
Kiribati,2018,Asia,3,169,152,173,172,174,153
Kiribati,2019,Asia,3,175,152,174,176,177,153
Kiribati,2020,Asia,3,171,153,175,174,178,153
Kiribati,2021,Asia,3,174,152,173,171,181,153
Kiribati,2022,Asia,3,175,152,174,174,178,153
Kiribati,2023,Asia,3,171,152,173,170,179,153
Kiribati,2024,Asia,3,175,153,170,168,180,153
Kiribati,2025,Asia,3,171,153,170,168,180,153
Kiribati,2026,Asia,3,172,152,170,168,180,153
"Korea, Dem. People's Rep.",2000,Asia,4,204,207,171,154,167,212
"Korea, Dem. People's Rep.",2001,Asia,4,203,208,171,151,167,212
"Korea, Dem. People's Rep.",2002,Asia,4,203,206,173,155,169,211
"Korea, Dem. People's Rep.",2003,Asia,4,203,209,158,159,125,212
"Korea, Dem. People's Rep.",2004,Asia,4,205,207,160,165,126,211
"Korea, Dem. People's Rep.",2005,Asia,4,204,205,162,168,128,211
"Korea, Dem. People's Rep.",2006,Asia,4,204,206,163,171,131,211
"Korea, Dem. People's Rep.",2007,Asia,4,203,205,168,172,132,212
"Korea, Dem. People's Rep.",2008,Asia,4,203,206,170,178,132,212
"Korea, Dem. People's Rep.",2009,Asia,4,206,205,169,177,130,211
"Korea, Dem. People's Rep.",2010,Asia,4,204,206,168,179,130,210
"Korea, Dem. People's Rep.",2011,Asia,4,204,205,170,184,126,211
"Korea, Dem. People's Rep.",2012,Asia,4,205,206,170,180,125,212
"Korea, Dem. People's Rep.",2013,Asia,4,204,207,171,184,121,211
"Korea, Dem. People's Rep.",2014,Asia,4,203,207,171,182,119,211
"Korea, Dem. People's Rep.",2015,Asia,4,204,206,169,176,118,209
"Korea, Dem. People's Rep.",2016,Asia,4,205,205,167,176,115,212
"Korea, Dem. People's Rep.",2017,Asia,4,203,207,169,179,116,209
"Korea, Dem. People's Rep.",2018,Asia,4,205,206,171,180,117,209
"Korea, Dem. People's Rep.",2019,Asia,4,203,207,170,177,119,209
"Korea, Dem. People's Rep.",2020,Asia,4,204,206,168,176,110,209
"Korea, Dem. People's Rep.",2021,Asia,4,204,206,169,179,94,210
"Korea, Dem. People's Rep.",2022,Asia,4,203,206,173,178,115,209
"Korea, Dem. People's Rep.",2023,Asia,4,203,206,172,178,116,209
"Korea, Dem. People's Rep.",2024,Asia,4,205,206,171,178,119,210
"Korea, Dem. People's Rep.",2025,Asia,4,204,208,173,178,119,209
"Korea, Dem. People's Rep.",2026,Asia,4,205,207,173,180,119,210
"Korea, Rep.",2000,Asia,1,74,79,55,57,46,5
"Korea, Rep.",2001,Asia,1,70,79,57,59,45,5
"Korea, Rep.",2002,Asia,1,74,79,54,57,46,5
"Korea, Rep.",2003,Asia,1,69,79,55,57,43,5
"Korea, Rep.",2004,Asia,1,73,79,54,56,41,5
"Korea, Rep.",2005,Asia,1,74,79,48,54,39,5
"Korea, Rep.",2006,Asia,1,70,78,47,52,38,5
"Korea, Rep.",2007,Asia,1,71,79,46,52,36,5
"Korea, Rep.",2008,Asia,1,68,78,51,61,36,5
"Korea, Rep.",2009,Asia,1,70,79,50,58,34,5
"Korea, Rep.",2010,Asia,1,72,79,46,52,34,5
"Korea, Rep.",2011,Asia,1,72,79,42,51,34,5
"Korea, Rep.",2012,Asia,1,73,79,42,50,31,5
"Korea, Rep.",2013,Asia,1,70,79,40,46,30,5
"Korea, Rep.",2014,Asia,1,69,79,40,45,24,5
"Korea, Rep.",2015,Asia,1,73,1,38,45,22,5
"Korea, Rep.",2016,Asia,1,74,1,38,43,20,5
"Korea, Rep.",2017,Asia,1,73,1,37,41,15,5
"Korea, Rep.",2018,Asia,1,69,1,38,40,20,5
"Korea, Rep.",2019,Asia,1,69,1,38,41,12,5
"Korea, Rep.",2020,Asia,1,73,1,33,40,6,5
"Korea, Rep.",2021,Asia,1,70,1,33,41,8,5
"Korea, Rep.",2022,Asia,1,72,1,39,48,19,5
"Korea, Rep.",2023,Asia,1,71,1,39,46,11,5
"Korea, Rep.",2024,Asia,1,70,1,39,47,14,5
"Korea, Rep.",2025,Asia,1,72,1,39,47,14,5
"Korea, Rep.",2026,Asia,1,69,1,39,47,14,5
Kosovo,2000,Europe,2,99,139,70,58,97,92
Kosovo,2001,Europe,2,98,139,68,57,94,91
Kosovo,2002,Europe,2,94,139,66,55,94,91
Kosovo,2003,Europe,2,99,139,66,59,89,90
Kosovo,2004,Europe,2,99,139,67,60,85,90
Kosovo,2005,Europe,2,99,139,68,60,85,91
Kosovo,2006,Europe,2,96,139,68,60,85,92
Kosovo,2007,Europe,2,99,139,70,64,76,92
Kosovo,2008,Europe,2,96,139,125,143,77,90
Kosovo,2009,Europe,2,97,139,121,142,80,91
Kosovo,2010,Europe,2,101,139,122,145,86,91
Kosovo,2011,Europe,2,95,139,122,142,78,91
Kosovo,2012,Europe,2,99,139,121,146,76,92
Kosovo,2013,Europe,2,97,139,119,141,74,92
Kosovo,2014,Europe,2,99,139,118,139,78,91
Kosovo,2015,Europe,2,100,139,122,141,81,90
Kosovo,2016,Europe,2,97,138,116,139,72,90
Kosovo,2017,Europe,2,95,139,114,139,70,91
Kosovo,2018,Europe,2,95,139,114,133,75,91
Kosovo,2019,Europe,2,96,139,112,134,72,90
Kosovo,2020,Europe,2,95,139,116,129,98,91
Kosovo,2021,Europe,2,101,138,105,123,75,90
Kosovo,2022,Europe,2,96,139,110,130,63,93
Kosovo,2023,Europe,2,100,139,108,123,66,90
Kosovo,2024,Europe,2,95,139,106,120,67,90
Kosovo,2025,Europe,2,95,139,106,120,67,90
Kosovo,2026,Europe,2,101,138,106,120,67,92
Kuwait,2000,Asia,1,80,72,45,46,44,61
Kuwait,2001,Asia,1,81,72,49,48,46,61
Kuwait,2002,Asia,1,82,72,47,46,47,61
Kuwait,2003,Asia,1,81,72,44,40,48,61
Kuwait,2004,Asia,1,78,73,44,38,50,61
Kuwait,2005,Asia,1,81,71,41,32,50,61
Kuwait,2006,Asia,1,81,71,38,24,52,61
Kuwait,2007,Asia,1,82,73,38,28,51,61
Kuwait,2008,Asia,1,82,72,34,17,52,61
Kuwait,2009,Asia,1,81,73,43,36,53,61
Kuwait,2010,Asia,1,82,72,42,37,53,61
Kuwait,2011,Asia,1,82,72,39,27,51,61
Kuwait,2012,Asia,1,82,72,35,20,50,61
Kuwait,2013,Asia,1,82,73,37,28,48,61
Kuwait,2014,Asia,1,80,1,39,34,48,61
Kuwait,2015,Asia,1,80,1,43,46,48,61
Kuwait,2016,Asia,1,81,1,44,48,48,61
Kuwait,2017,Asia,1,78,1,43,49,46,61
Kuwait,2018,Asia,1,81,1,44,45,46,61
Kuwait,2019,Asia,1,79,1,41,48,32,61
Kuwait,2020,Asia,1,80,1,50,51,49,61
Kuwait,2021,Asia,1,81,1,45,44,48,61
Kuwait,2022,Asia,1,81,1,41,38,43,61
Kuwait,2023,Asia,1,80,1,42,50,17,61
Kuwait,2024,Asia,1,79,1,40,53,4,61
Kuwait,2025,Asia,1,82,1,40,53,4,61
Kuwait,2026,Asia,1,82,1,40,53,4,61
Kyrgyz Republic,2000,Europe,3,146,156,166,202,126,146
Kyrgyz Republic,2001,Europe,3,146,156,164,199,125,146
Kyrgyz Republic,2002,Europe,3,146,155,164,197,128,145
Kyrgyz Republic,2003,Europe,3,146,157,165,196,131,146
Kyrgyz Republic,2004,Europe,3,146,156,166,195,134,145
Kyrgyz Republic,2005,Europe,3,147,156,169,194,136,146
Kyrgyz Republic,2006,Europe,3,145,156,171,193,140,145
Kyrgyz Republic,2007,Europe,3,145,155,167,189,141,146
Kyrgyz Republic,2008,Europe,3,145,156,165,185,140,146
Kyrgyz Republic,2009,Europe,3,146,156,165,189,138,146
Kyrgyz Republic,2010,Europe,3,147,155,167,191,139,146
Kyrgyz Republic,2011,Europe,3,147,155,167,187,140,146
Kyrgyz Republic,2012,Europe,3,146,157,166,188,136,146
Kyrgyz Republic,2013,Europe,3,145,156,163,185,137,146
Kyrgyz Republic,2014,Europe,3,145,156,165,187,138,145
Kyrgyz Republic,2015,Europe,3,145,155,167,189,137,146
Kyrgyz Republic,2016,Europe,3,146,155,166,187,138,146
Kyrgyz Republic,2017,Europe,3,146,156,165,186,136,146
Kyrgyz Republic,2018,Europe,3,146,155,167,185,134,146
Kyrgyz Republic,2019,Europe,3,146,155,164,183,133,146
Kyrgyz Republic,2020,Europe,3,147,156,166,186,124,146
Kyrgyz Republic,2021,Europe,3,145,156,166,184,113,146
Kyrgyz Republic,2022,Europe,3,145,156,163,180,133,146
Kyrgyz Republic,2023,Europe,3,147,155,161,173,132,146
Kyrgyz Republic,2024,Europe,3,146,156,161,169,133,146
Kyrgyz Republic,2025,Europe,3,145,156,161,169,133,145
Kyrgyz Republic,2026,Europe,3,148,156,161,169,133,146
Lao PDR,2000,Asia,3,149,161,184,195,174,154
Lao PDR,2001,Asia,3,149,161,184,197,173,155
Lao PDR,2002,Asia,3,149,161,184,199,174,154
Lao PDR,2003,Asia,3,150,161,186,199,173,155
Lao PDR,2004,Asia,3,147,161,185,199,174,155
Lao PDR,2005,Asia,3,149,161,185,195,173,154
Lao PDR,2006,Asia,3,148,161,183,192,175,154
Lao PDR,2007,Asia,3,147,161,182,190,173,154
Lao PDR,2008,Asia,3,149,161,179,188,172,154
Lao PDR,2009,Asia,3,148,161,177,186,172,155
Lao PDR,2010,Asia,3,148,161,174,182,169,155
Lao PDR,2011,Asia,3,146,161,171,176,168,154
Lao PDR,2012,Asia,3,147,161,168,169,164,155
Lao PDR,2013,Asia,3,147,161,166,169,162,155
Lao PDR,2014,Asia,3,150,161,164,166,159,154
Lao PDR,2015,Asia,3,147,161,160,163,158,154
Lao PDR,2016,Asia,3,148,161,161,160,158,154
Lao PDR,2017,Asia,3,147,161,162,160,157,154
Lao PDR,2018,Asia,3,148,161,163,160,158,154
Lao PDR,2019,Asia,3,148,161,163,158,158,155
Lao PDR,2020,Asia,3,148,161,156,158,156,154
Lao PDR,2021,Asia,3,148,161,158,162,154,154
Lao PDR,2022,Asia,3,149,161,169,175,159,154
Lao PDR,2023,Asia,3,148,161,168,175,159,155
Lao PDR,2024,Asia,3,149,161,168,174,159,154
Lao PDR,2025,Asia,3,148,161,168,174,159,155
Lao PDR,2026,Asia,3,149,161,168,174,159,155
Latvia,2000,Europe,1,43,1,91,99,113,11
Latvia,2001,Europe,1,48,1,88,95,109,11
Latvia,2002,Europe,1,46,1,86,91,110,11
Latvia,2003,Europe,1,44,1,82,83,111,11
Latvia,2004,Europe,1,48,1,81,81,104,11
Latvia,2005,Europe,1,47,1,82,83,114,11
Latvia,2006,Europe,1,45,1,80,79,121,11
Latvia,2007,Europe,1,46,1,77,73,119,11
Latvia,2008,Europe,1,43,1,73,73,109,11
Latvia,2009,Europe,1,48,1,76,74,102,10
Latvia,2010,Europe,1,49,1,78,80,100,11
Latvia,2011,Europe,1,43,1,78,79,101,11
Latvia,2012,Europe,1,43,1,78,77,104,12
Latvia,2013,Europe,1,45,1,77,76,103,11
Latvia,2014,Europe,1,48,1,77,74,103,11
Latvia,2015,Europe,1,42,1,79,77,101,11
Latvia,2016,Europe,1,49,1,79,75,102,11
Latvia,2017,Europe,1,45,1,78,75,103,11
Latvia,2018,Europe,1,47,1,76,73,103,11
Latvia,2019,Europe,1,45,1,76,72,100,11
Latvia,2020,Europe,1,46,1,74,67,86,11
Latvia,2021,Europe,1,48,1,76,65,100,11
Latvia,2022,Europe,1,47,1,76,69,107,11
Latvia,2023,Europe,1,44,1,76,65,99,11
Latvia,2024,Europe,1,44,1,76,69,95,11
Latvia,2025,Europe,1,46,1,76,69,95,11
Latvia,2026,Europe,1,46,1,76,69,95,11
Lebanon,2000,Asia,3,167,187,95,88,66,174
Lebanon,2001,Asia,3,171,186,92,87,65,174
Lebanon,2002,Asia,3,169,187,90,84,61,174
Lebanon,2003,Asia,3,167,186,91,91,57,173
Lebanon,2004,Asia,3,170,184,95,95,57,173
Lebanon,2005,Asia,3,169,187,96,102,56,173
Lebanon,2006,Asia,3,169,187,105,105,61,173
Lebanon,2007,Asia,3,170,187,104,108,54,174
Lebanon,2008,Asia,3,172,187,103,106,55,174
Lebanon,2009,Asia,3,170,186,97,96,54,173
Lebanon,2010,Asia,3,172,186,96,98,54,173
Lebanon,2011,Asia,3,170,186,97,99,54,172
Lebanon,2012,Asia,3,170,187,96,98,55,174
Lebanon,2013,Asia,3,171,187,98,100,53,175
Lebanon,2014,Asia,3,170,187,101,105,54,173
Lebanon,2015,Asia,3,169,186,98,100,55,174
Lebanon,2016,Asia,3,169,184,97,97,57,174
Lebanon,2017,Asia,3,168,186,97,99,57,172
Lebanon,2018,Asia,3,171,185,100,99,58,174
Lebanon,2019,Asia,3,169,185,100,100,60,174
Lebanon,2020,Asia,3,168,186,113,116,76,174
Lebanon,2021,Asia,3,171,184,135,140,93,173
Lebanon,2022,Asia,3,171,186,135,152,57,173
Lebanon,2023,Asia,3,170,186,139,155,70,173
Lebanon,2024,Asia,3,167,186,136,145,72,173
Lebanon,2025,Asia,3,167,183,136,145,72,174
Lebanon,2026,Asia,3,171,186,136,145,72,173
Lesotho,2000,Africa,3,169,164,187,182,205,168
Lesotho,2001,Africa,3,167,164,188,187,212,166
Lesotho,2002,Africa,3,170,164,192,191,215,166
Lesotho,2003,Africa,3,172,165,195,175,216,166
Lesotho,2004,Africa,3,169,166,197,173,216,166
Lesotho,2005,Africa,3,173,164,198,172,217,167
Lesotho,2006,Africa,3,172,164,198,174,217,166
Lesotho,2007,Africa,3,167,166,201,184,217,166
Lesotho,2008,Africa,3,168,164,205,187,217,166
Lesotho,2009,Africa,3,171,165,208,187,217,166
Lesotho,2010,Africa,3,170,165,206,183,216,166
Lesotho,2011,Africa,3,171,164,206,181,216,165
Lesotho,2012,Africa,3,173,165,205,183,217,166
Lesotho,2013,Africa,3,169,164,205,190,216,165
Lesotho,2014,Africa,3,172,165,200,191,215,165
Lesotho,2015,Africa,3,170,164,201,188,215,165
Lesotho,2016,Africa,3,170,164,201,190,213,167
Lesotho,2017,Africa,3,172,164,200,188,212,167
Lesotho,2018,Africa,3,172,164,200,189,213,166
Lesotho,2019,Africa,3,173,166,201,191,214,167
Lesotho,2020,Africa,3,172,164,204,195,214,167
Lesotho,2021,Africa,3,170,166,204,193,214,167
Lesotho,2022,Africa,3,169,165,202,196,213,166
Lesotho,2023,Africa,3,173,164,203,202,215,166
Lesotho,2024,Africa,3,172,164,201,200,213,165
Lesotho,2025,Africa,3,172,165,201,200,213,165
Lesotho,2026,Africa,3,168,164,201,200,213,166
Liberia,2000,Africa,4,207,213,187,199,195,197
Liberia,2001,Africa,4,207,216,188,201,191,197
Liberia,2002,Africa,4,207,214,192,202,190,197
Liberia,2003,Africa,4,207,215,195,211,193,197
Liberia,2004,Africa,4,208,214,197,208,187,197
Liberia,2005,Africa,4,207,214,198,212,188,197
Liberia,2006,Africa,4,208,213,198,212,188,197
Liberia,2007,Africa,4,208,214,201,214,188,197
Liberia,2008,Africa,4,207,214,204,211,186,197
Liberia,2009,Africa,4,207,214,205,212,188,197
Liberia,2010,Africa,4,206,214,204,210,188,197
Liberia,2011,Africa,4,207,214,207,210,191,197
Liberia,2012,Africa,4,207,214,203,208,192,196
Liberia,2013,Africa,4,206,214,203,204,192,196
Liberia,2014,Africa,4,208,213,205,205,198,196
Liberia,2015,Africa,4,207,214,206,204,199,196
Liberia,2016,Africa,4,207,213,202,202,198,196
Liberia,2017,Africa,4,207,213,204,206,199,197
Liberia,2018,Africa,4,207,213,207,207,199,196
Liberia,2019,Africa,4,207,214,208,207,200,196
Liberia,2020,Africa,4,207,213,208,206,201,197
Liberia,2021,Africa,4,207,215,208,208,197,196
Liberia,2022,Africa,4,207,214,207,207,202,196
Liberia,2023,Africa,4,208,214,206,205,202,196
Liberia,2024,Africa,4,206,213,206,206,202,196
Liberia,2025,Africa,4,207,214,206,206,202,196
Liberia,2026,Africa,4,208,215,206,206,202,195
Libya,2000,Asia,2,106,96,81,72,109,114
Libya,2001,Asia,2,102,96,83,75,110,114
Libya,2002,Asia,2,104,96,95,93,114,114
Libya,2003,Asia,2,104,97,92,87,113,114
Libya,2004,Asia,2,103,96,92,84,113,114
Libya,2005,Asia,2,104,97,84,78,113,114
Libya,2006,Asia,2,104,96,83,75,111,114
Libya,2007,Asia,2,103,96,85,78,112,114
Libya,2008,Asia,2,102,96,83,76,113,114
Libya,2009,Asia,2,102,97,89,82,112,114
Libya,2010,Asia,2,104,97,86,78,114,114
Libya,2011,Asia,2,103,96,114,101,135,114
Libya,2012,Asia,2,104,95,86,73,118,114
Libya,2013,Asia,2,106,96,92,86,119,114
Libya,2014,Asia,2,105,97,108,97,126,114
Libya,2015,Asia,2,104,96,110,101,126,114
Libya,2016,Asia,2,105,97,110,100,126,114
Libya,2017,Asia,2,102,96,98,90,120,114
Libya,2018,Asia,2,103,97,96,89,116,114
Libya,2019,Asia,2,103,96,102,93,118,114
Libya,2020,Asia,2,106,96,107,106,115,114
Libya,2021,Asia,2,105,97,120,126,112,114
Libya,2022,Asia,2,105,1,118,125,105,114
Libya,2023,Asia,2,105,1,136,125,155,114
Libya,2024,Asia,2,103,1,132,125,147,114
Libya,2025,Asia,2,104,1,132,125,147,114
Libya,2026,Asia,2,104,1,132,125,147,114
Liechtenstein,2000,Europe,1,66,1,2,2,36,12
Liechtenstein,2001,Europe,1,68,1,2,2,17,12
Liechtenstein,2002,Europe,1,68,1,2,2,13,12
Liechtenstein,2003,Europe,1,70,1,2,2,13,12
Liechtenstein,2004,Europe,1,71,1,2,2,5,12
Liechtenstein,2005,Europe,1,68,1,2,2,13,12
Liechtenstein,2006,Europe,1,69,1,2,2,13,12
Liechtenstein,2007,Europe,1,67,1,3,2,11,12
Liechtenstein,2008,Europe,1,71,1,3,2,4,12
Liechtenstein,2009,Europe,1,65,1,3,2,13,12
Liechtenstein,2010,Europe,1,71,1,3,2,12,12
Liechtenstein,2011,Europe,1,67,1,3,2,16,12
Liechtenstein,2012,Europe,1,72,1,4,2,11,11
Liechtenstein,2013,Europe,1,68,1,4,2,11,12
Liechtenstein,2014,Europe,1,68,1,6,2,20,12
Liechtenstein,2015,Europe,1,70,1,3,2,11,12
Liechtenstein,2016,Europe,1,70,1,5,2,21,12
Liechtenstein,2017,Europe,1,67,1,2,2,6,12
Liechtenstein,2018,Europe,1,71,1,4,2,11,12
Liechtenstein,2019,Europe,1,67,1,2,2,5,12
Liechtenstein,2020,Europe,1,69,1,7,2,26,12
Liechtenstein,2021,Europe,1,66,1,2,2,4,12
Liechtenstein,2022,Europe,1,66,1,2,2,3,12
Liechtenstein,2023,Europe,1,66,1,2,2,4,12
Liechtenstein,2024,Europe,1,68,1,3,2,6,12
Liechtenstein,2025,Europe,1,68,1,3,2,6,12
Liechtenstein,2026,Europe,1,65,1,3,2,6,12
Lithuania,2000,Europe,1,50,43,86,98,89,80
Lithuania,2001,Europe,1,54,43,87,94,98,79
Lithuania,2002,Europe,1,50,45,82,87,99,82
Lithuania,2003,Europe,1,55,45,79,79,100,81
Lithuania,2004,Europe,1,54,46,78,77,106,81
Lithuania,2005,Europe,1,52,49,79,80,116,81
Lithuania,2006,Europe,1,49,43,79,80,117,82
Lithuania,2007,Europe,1,53,1,79,76,121,80
Lithuania,2008,Europe,1,51,1,75,74,115,81
Lithuania,2009,Europe,1,54,1,77,75,105,80
Lithuania,2010,Europe,1,51,1,76,77,104,82
Lithuania,2011,Europe,1,52,1,76,74,103,79
Lithuania,2012,Europe,1,55,1,76,74,102,82
Lithuania,2013,Europe,1,54,1,76,72,105,81
Lithuania,2014,Europe,1,55,1,75,69,99,81
Lithuania,2015,Europe,1,51,1,78,73,104,80
Lithuania,2016,Europe,1,51,1,77,73,101,80
Lithuania,2017,Europe,1,51,1,74,72,91,82
Lithuania,2018,Europe,1,52,1,73,68,92,80
Lithuania,2019,Europe,1,54,1,71,63,87,79
Lithuania,2020,Europe,1,49,1,67,59,88,82
Lithuania,2021,Europe,1,50,1,65,59,85,79
Lithuania,2022,Europe,1,52,1,65,58,92,81
Lithuania,2023,Europe,1,51,1,62,58,81,79
Lithuania,2024,Europe,1,54,1,61,58,84,80
Lithuania,2025,Europe,1,50,1,61,58,84,79
Lithuania,2026,Europe,1,51,1,61,58,84,82
Luxembourg,2000,Europe,1,14,44,7,4,30,79
Luxembourg,2001,Europe,1,10,47,8,4,34,81
Luxembourg,2002,Europe,1,8,46,7,4,35,80
Luxembourg,2003,Europe,1,11,49,7,4,38,79
Luxembourg,2004,Europe,1,8,49,3,3,27,79
Luxembourg,2005,Europe,1,8,46,4,3,25,80
Luxembourg,2006,Europe,1,12,48,5,4,31,79
Luxembourg,2007,Europe,1,13,1,8,3,34,79
Luxembourg,2008,Europe,1,11,1,7,3,23,82
Luxembourg,2009,Europe,1,12,1,6,3,24,82
Luxembourg,2010,Europe,1,14,1,6,3,28,81
Luxembourg,2011,Europe,1,10,1,6,3,25,80
Luxembourg,2012,Europe,1,11,1,6,3,23,79
Luxembourg,2013,Europe,1,8,1,5,3,20,80
Luxembourg,2014,Europe,1,12,1,4,3,16,80
Luxembourg,2015,Europe,1,14,1,6,3,18,79
Luxembourg,2016,Europe,1,8,1,3,4,12,82
Luxembourg,2017,Europe,1,12,1,7,4,26,80
Luxembourg,2018,Europe,1,9,1,7,3,23,81
Luxembourg,2019,Europe,1,11,1,7,4,24,81
Luxembourg,2020,Europe,1,8,1,6,3,22,79
Luxembourg,2021,Europe,1,9,1,6,3,17,80
Luxembourg,2022,Europe,1,10,1,5,3,14,79
Luxembourg,2023,Europe,1,12,1,5,3,14,80
Luxembourg,2024,Europe,1,12,1,6,4,18,78
Luxembourg,2025,Europe,1,11,1,6,4,18,81
Luxembourg,2026,Europe,1,9,1,7,4,18,79
"Macao SAR, China",2000,Asia,1,28,85,42,50,6,50
"Macao SAR, China",2001,Asia,1,27,85,40,50,7,50
"Macao SAR, China",2002,Asia,1,28,85,36,50,6,51
"Macao SAR, China",2003,Asia,1,30,87,38,53,6,51
"Macao SAR, China",2004,Asia,1,25,86,37,48,9,50
"Macao SAR, China",2005,Asia,1,24,86,37,44,7,50
"Macao SAR, China",2006,Asia,1,25,86,32,40,6,51
"Macao SAR, China",2007,Asia,1,23,85,31,40,7,49
"Macao SAR, China",2008,Asia,1,25,86,26,40,7,51
"Macao SAR, China",2009,Asia,1,26,87,18,32,6,50
"Macao SAR, China",2010,Asia,1,29,85,11,16,6,50
"Macao SAR, China",2011,Asia,1,31,85,4,10,8,51
"Macao SAR, China",2012,Asia,1,24,87,3,9,9,50
"Macao SAR, China",2013,Asia,1,27,85,3,8,8,51
"Macao SAR, China",2014,Asia,1,24,85,3,9,9,51
"Macao SAR, China",2015,Asia,1,26,87,4,9,6,51
"Macao SAR, China",2016,Asia,1,22,85,4,9,8,50
"Macao SAR, China",2017,Asia,1,23,87,4,9,8,50
"Macao SAR, China",2018,Asia,1,25,1,3,9,7,51
"Macao SAR, China",2019,Asia,1,24,1,3,8,7,48
"Macao SAR, China",2020,Asia,1,24,85,24,38,4,51
"Macao SAR, China",2021,Asia,1,23,1,23,33,6,50
"Macao SAR, China",2022,Asia,1,30,1,36,41,12,51
"Macao SAR, China",2023,Asia,1,25,1,14,19,18,51
"Macao SAR, China",2024,Asia,1,26,1,11,18,16,50
"Macao SAR, China",2025,Asia,1,24,1,8,18,16,51
"Macao SAR, China",2026,Asia,1,23,1,6,18,16,51
Madagascar,2000,Africa,4,200,199,187,201,178,208
Madagascar,2001,Africa,4,200,199,188,198,175,207
Madagascar,2002,Africa,4,200,198,192,200,175,208
Madagascar,2003,Africa,4,199,199,195,200,172,207
Madagascar,2004,Africa,4,200,199,197,211,173,207
Madagascar,2005,Africa,4,199,199,198,211,174,208
Madagascar,2006,Africa,4,200,199,198,211,174,207
Madagascar,2007,Africa,4,201,199,198,206,174,206
Madagascar,2008,Africa,4,200,199,197,205,173,207
Madagascar,2009,Africa,4,199,199,200,213,175,207
Madagascar,2010,Africa,4,200,199,201,213,177,206
Madagascar,2011,Africa,4,200,199,203,213,177,207
Madagascar,2012,Africa,4,199,199,202,213,177,207
Madagascar,2013,Africa,4,200,199,202,211,177,207
Madagascar,2014,Africa,4,200,199,204,213,179,206
Madagascar,2015,Africa,4,200,199,207,215,181,206
Madagascar,2016,Africa,4,200,199,206,213,184,206
Madagascar,2017,Africa,4,200,199,206,213,188,206
Madagascar,2018,Africa,4,200,199,208,214,188,206
Madagascar,2019,Africa,4,201,199,209,214,188,206
Madagascar,2020,Africa,4,199,199,209,216,191,206
Madagascar,2021,Africa,4,199,199,209,215,187,206
Madagascar,2022,Africa,4,199,199,211,214,195,206
Madagascar,2023,Africa,4,200,199,212,214,198,206
Madagascar,2024,Africa,4,200,199,212,213,196,206
Madagascar,2025,Africa,4,200,199,212,213,196,206
Madagascar,2026,Africa,4,199,199,212,213,196,206
Malawi,2000,Africa,4,203,195,187,208,215,215
Malawi,2001,Africa,4,204,196,188,209,211,215
Malawi,2002,Africa,4,204,193,192,185,210,215
Malawi,2003,Africa,4,206,194,195,195,210,215
Malawi,2004,Africa,4,204,195,197,201,208,215
Malawi,2005,Africa,4,206,195,198,203,205,215
Malawi,2006,Africa,4,203,194,198,203,204,215
Malawi,2007,Africa,4,204,193,201,204,203,215
Malawi,2008,Africa,4,206,194,205,203,198,215
Malawi,2009,Africa,4,203,195,203,203,196,215
Malawi,2010,Africa,4,203,195,202,201,193,215
Malawi,2011,Africa,4,203,194,202,200,192,215
Malawi,2012,Africa,4,203,194,207,210,191,215
Malawi,2013,Africa,4,203,193,210,212,190,215
Malawi,2014,Africa,4,204,195,207,212,190,215
Malawi,2015,Africa,4,203,193,203,211,188,215
Malawi,2016,Africa,4,203,195,207,214,188,215
Malawi,2017,Africa,4,204,195,205,212,183,215
Malawi,2018,Africa,4,203,195,204,210,183,215
Malawi,2019,Africa,4,204,194,204,209,182,213
Malawi,2020,Africa,4,203,194,200,207,177,214
Malawi,2021,Africa,4,203,195,202,209,175,215
Malawi,2022,Africa,4,206,195,203,211,179,215
Malawi,2023,Africa,4,204,193,202,211,170,214
Malawi,2024,Africa,4,203,194,204,214,171,213
Malawi,2025,Africa,4,205,195,204,214,171,214
Malawi,2026,Africa,4,203,193,204,214,171,213
Malaysia,2000,Asia,2,101,94,88,86,81,86
Malaysia,2001,Asia,2,100,95,90,91,77,86
Malaysia,2002,Asia,2,99,95,88,85,75,86
Malaysia,2003,Asia,2,102,95,88,90,73,86
Malaysia,2004,Asia,2,100,95,86,91,73,86
Malaysia,2005,Asia,2,102,94,88,89,74,86
Malaysia,2006,Asia,2,100,95,89,89,74,86
Malaysia,2007,Asia,2,100,95,86,92,71,87
Malaysia,2008,Asia,2,101,95,87,91,72,87
Malaysia,2009,Asia,2,103,94,87,94,73,86
Malaysia,2010,Asia,2,100,95,85,88,75,87
Malaysia,2011,Asia,2,101,95,86,89,77,86
Malaysia,2012,Asia,2,101,96,87,90,80,86
Malaysia,2013,Asia,2,100,95,87,90,84,86
Malaysia,2014,Asia,2,104,95,87,88,87,87
Malaysia,2015,Asia,2,102,94,89,87,89,86
Malaysia,2016,Asia,2,100,95,89,87,91,86
Malaysia,2017,Asia,2,100,95,92,91,89,86
Malaysia,2018,Asia,2,100,95,89,90,90,86
Malaysia,2019,Asia,2,100,95,89,87,92,87
Malaysia,2020,Asia,2,102,95,86,87,77,86
Malaysia,2021,Asia,2,99,95,88,87,87,86
Malaysia,2022,Asia,2,98,1,90,91,93,86
Malaysia,2023,Asia,2,101,1,94,97,86,86
Malaysia,2024,Asia,2,100,1,95,97,86,87
Malaysia,2025,Asia,2,101,1,95,97,86,86
Malaysia,2026,Asia,2,102,1,94,97,86,87
Maldives,2000,Asia,2,125,112,104,106,104,107
Maldives,2001,Asia,2,130,111,98,100,97,107
Maldives,2002,Asia,2,128,112,97,98,89,107
Maldives,2003,Asia,2,128,112,94,98,82,107
Maldives,2004,Asia,2,130,112,96,101,88,107
Maldives,2005,Asia,2,127,112,95,107,70,107
Maldives,2006,Asia,2,126,112,93,103,66,107
Maldives,2007,Asia,2,128,112,94,105,62,107
Maldives,2008,Asia,2,129,112,90,101,63,107
Maldives,2009,Asia,2,128,112,85,101,61,107
Maldives,2010,Asia,2,128,112,88,100,59,107
Maldives,2011,Asia,2,128,112,89,102,57,107
Maldives,2012,Asia,2,128,112,90,104,57,107
Maldives,2013,Asia,2,127,112,88,99,56,107
Maldives,2014,Asia,2,127,112,85,96,53,107
Maldives,2015,Asia,2,127,112,82,88,52,107
Maldives,2016,Asia,2,127,112,80,86,52,107
Maldives,2017,Asia,2,128,111,81,88,49,107
Maldives,2018,Asia,2,128,112,81,86,51,107
Maldives,2019,Asia,2,127,111,81,84,50,107
Maldives,2020,Asia,2,129,111,87,100,50,107
Maldives,2021,Asia,2,126,112,83,91,52,107
Maldives,2022,Asia,2,129,112,80,90,41,107
Maldives,2023,Asia,2,126,112,81,93,46,107
Maldives,2024,Asia,2,126,112,82,93,44,107
Maldives,2025,Asia,2,129,112,82,93,44,107
Maldives,2026,Asia,2,127,112,81,92,44,107
Mali,2000,Africa,4,214,203,187,198,200,213
Mali,2001,Africa,4,215,203,188,193,198,213
Mali,2002,Africa,4,215,203,192,193,196,213
Mali,2003,Africa,4,216,203,195,188,197,213
Mali,2004,Africa,4,215,203,197,186,198,213
Mali,2005,Africa,4,214,203,198,186,199,213
Mali,2006,Africa,4,214,203,198,190,198,213
Mali,2007,Africa,4,215,203,200,191,202,213
Mali,2008,Africa,4,215,203,200,192,205,213
Mali,2009,Africa,4,215,203,201,191,206,213
Mali,2010,Africa,4,215,203,203,195,206,212
Mali,2011,Africa,4,215,203,204,193,207,213
Mali,2012,Africa,4,215,203,204,195,207,213
Mali,2013,Africa,4,215,203,204,197,209,213
Mali,2014,Africa,4,215,203,203,197,209,213
Mali,2015,Africa,4,215,203,204,199,209,211
Mali,2016,Africa,4,215,203,203,194,209,213
Mali,2017,Africa,4,215,203,203,193,209,210
Mali,2018,Africa,4,215,203,203,193,210,211
Mali,2019,Africa,4,215,203,205,194,211,211
Mali,2020,Africa,4,215,203,206,192,211,211
Mali,2021,Africa,4,215,203,205,194,210,212
Mali,2022,Africa,4,215,203,205,200,211,211
Mali,2023,Africa,4,215,203,205,197,211,211
Mali,2024,Africa,4,215,203,202,195,211,211
Mali,2025,Africa,4,214,203,202,196,211,211
Mali,2026,Africa,4,214,203,202,196,211,211
Malta,2000,Asia,1,4,1,54,64,22,45
Malta,2001,Asia,1,3,1,54,65,20,46
Malta,2002,Asia,1,4,1,53,63,25,46
Malta,2003,Asia,1,5,1,53,61,29,47
Malta,2004,Asia,1,3,1,50,61,24,46
Malta,2005,Asia,1,5,1,53,62,28,46
Malta,2006,Asia,1,4,1,54,62,28,46
Malta,2007,Asia,1,4,1,52,58,28,46
Malta,2008,Asia,1,4,1,49,59,33,46
Malta,2009,Asia,1,4,1,47,56,29,46
Malta,2010,Asia,1,3,1,44,59,19,46
Malta,2011,Asia,1,4,1,47,57,30,46
Malta,2012,Asia,1,3,1,48,55,32,46
Malta,2013,Asia,1,5,1,42,54,22,46
Malta,2014,Asia,1,3,1,41,50,22,45
Malta,2015,Asia,1,2,1,42,51,25,47
Malta,2016,Asia,1,4,1,40,51,18,46
Malta,2017,Asia,1,5,1,40,47,23,47
Malta,2018,Asia,1,3,1,40,43,24,46
Malta,2019,Asia,1,3,1,40,45,23,46
Malta,2020,Asia,1,4,1,38,43,23,46
Malta,2021,Asia,1,3,1,37,39,21,46
Malta,2022,Asia,1,2,1,40,43,22,46
Malta,2023,Asia,1,5,1,34,39,12,46
Malta,2024,Asia,1,3,1,36,38,25,46
Malta,2025,Asia,1,5,1,36,38,25,46
Malta,2026,Asia,1,3,1,36,38,25,46
Marshall Islands,2000,Asia,2,95,121,127,105,154,137
Marshall Islands,2001,Asia,2,95,121,124,105,153,136
Marshall Islands,2002,Asia,2,95,120,123,104,154,138
Marshall Islands,2003,Asia,2,94,121,128,112,159,136
Marshall Islands,2004,Asia,2,94,123,132,121,160,137
Marshall Islands,2005,Asia,2,94,121,134,127,162,137
Marshall Islands,2006,Asia,2,97,121,136,129,163,136
Marshall Islands,2007,Asia,2,95,121,139,135,164,136
Marshall Islands,2008,Asia,2,93,120,148,145,164,137
Marshall Islands,2009,Asia,2,92,121,145,139,164,136
Marshall Islands,2010,Asia,2,95,121,150,138,165,136
Marshall Islands,2011,Asia,2,98,120,150,146,167,136
Marshall Islands,2012,Asia,2,95,121,149,143,168,136
Marshall Islands,2013,Asia,2,94,121,149,144,169,136
Marshall Islands,2014,Asia,2,93,121,150,142,170,136
Marshall Islands,2015,Asia,2,92,120,149,139,171,137
Marshall Islands,2016,Asia,2,94,121,148,129,172,138
Marshall Islands,2017,Asia,2,94,120,148,127,172,136
Marshall Islands,2018,Asia,2,93,119,146,125,173,136
Marshall Islands,2019,Asia,2,94,120,145,124,175,136
Marshall Islands,2020,Asia,2,93,120,140,114,176,136
Marshall Islands,2021,Asia,2,95,120,136,114,171,136
Marshall Islands,2022,Asia,2,97,120,142,122,175,137
Marshall Islands,2023,Asia,2,94,120,141,119,176,136
Marshall Islands,2024,Asia,2,97,120,140,116,178,136
Marshall Islands,2025,Asia,2,92,119,140,116,178,136
Marshall Islands,2026,Asia,2,96,120,140,116,178,136
Mauritania,2000,Africa,3,158,183,163,162,166,162
Mauritania,2001,Africa,3,158,184,162,167,164,162
Mauritania,2002,Africa,3,159,183,160,170,163,162
Mauritania,2003,Africa,3,158,184,163,169,164,161
Mauritania,2004,Africa,3,159,183,162,169,163,161
Mauritania,2005,Africa,3,159,183,163,166,164,161
Mauritania,2006,Africa,3,158,183,158,158,161,160
Mauritania,2007,Africa,3,158,183,160,161,160,161
Mauritania,2008,Africa,3,158,184,161,162,161,162
Mauritania,2009,Africa,3,158,183,162,166,161,162
Mauritania,2010,Africa,3,159,183,163,165,161,161
Mauritania,2011,Africa,3,158,184,163,164,161,161
Mauritania,2012,Africa,3,158,185,164,165,161,161
Mauritania,2013,Africa,3,158,181,164,166,160,161
Mauritania,2014,Africa,3,158,183,167,170,160,161
Mauritania,2015,Africa,3,158,181,170,171,159,162
Mauritania,2016,Africa,3,158,183,169,173,159,162
Mauritania,2017,Africa,3,158,181,172,175,159,162
Mauritania,2018,Africa,3,158,182,170,176,159,162
Mauritania,2019,Africa,3,158,182,169,175,161,161
Mauritania,2020,Africa,3,159,181,169,173,166,161
Mauritania,2021,Africa,3,158,182,170,177,161,161
Mauritania,2022,Africa,3,158,182,171,176,160,161
Mauritania,2023,Africa,3,159,181,169,174,163,160
Mauritania,2024,Africa,3,158,180,169,175,164,161
Mauritania,2025,Africa,3,158,181,169,175,164,161
Mauritania,2026,Africa,3,159,182,169,175,164,161
Mauritius,2000,Africa,2,92,89,92,90,93,89
Mauritius,2001,Africa,2,92,89,91,92,96,89
Mauritius,2002,Africa,2,91,89,89,89,95,89
Mauritius,2003,Africa,2,92,89,90,84,97,89
Mauritius,2004,Africa,2,93,89,91,87,101,89
Mauritius,2005,Africa,2,92,89,94,92,103,89
Mauritius,2006,Africa,2,92,89,96,95,103,89
Mauritius,2007,Africa,2,92,89,98,94,106,89
Mauritius,2008,Africa,2,91,89,97,92,105,89
Mauritius,2009,Africa,2,93,89,99,92,106,89
Mauritius,2010,Africa,2,92,89,98,95,108,89
Mauritius,2011,Africa,2,92,89,93,92,106,89
Mauritius,2012,Africa,2,93,89,94,93,102,89
Mauritius,2013,Africa,2,92,89,94,91,102,89
Mauritius,2014,Africa,2,91,89,91,90,102,89
Mauritius,2015,Africa,2,93,89,93,89,103,89
Mauritius,2016,Africa,2,91,89,90,85,103,89
Mauritius,2017,Africa,2,92,89,91,84,104,89
Mauritius,2018,Africa,2,92,89,92,83,104,89
Mauritius,2019,Africa,2,91,1,91,85,106,89
Mauritius,2020,Africa,2,92,89,93,89,99,89
Mauritius,2021,Africa,2,93,89,95,99,91,89
Mauritius,2022,Africa,2,93,1,103,97,116,89
Mauritius,2023,Africa,2,92,1,103,98,121,89
Mauritius,2024,Africa,2,92,1,105,96,117,89
Mauritius,2025,Africa,2,93,1,105,96,117,89
Mauritius,2026,Africa,2,93,1,105,96,117,89
Mexico,2000,South America,2,85,113,74,71,84,184
Mexico,2001,South America,2,85,114,76,70,83,176
Mexico,2002,South America,2,85,113,75,71,81,184
Mexico,2003,South America,2,85,115,78,74,79,177
Mexico,2004,South America,2,85,117,80,76,81,181
Mexico,2005,South America,2,85,117,80,77,83,179
Mexico,2006,South America,2,85,117,82,77,84,185
Mexico,2007,South America,2,85,118,83,81,85,184
Mexico,2008,South America,2,85,118,85,82,91,184
Mexico,2009,South America,2,85,118,88,87,94,196
Mexico,2010,South America,2,85,118,89,87,96,196
Mexico,2011,South America,2,85,118,88,86,98,196
Mexico,2012,South America,2,85,118,89,89,98,198
Mexico,2013,South America,2,85,118,89,88,99,198
Mexico,2014,South America,2,85,119,90,87,101,198
Mexico,2015,South America,2,85,118,90,86,102,197
Mexico,2016,South America,2,85,119,94,90,104,201
Mexico,2017,South America,2,85,123,95,94,106,196
Mexico,2018,South America,2,85,122,95,92,105,200
Mexico,2019,South America,2,85,121,94,90,104,200
Mexico,2020,South America,2,85,124,103,91,138,196
Mexico,2021,South America,2,85,126,102,90,136,201
Mexico,2022,South America,2,85,128,95,92,114,200
Mexico,2023,South America,2,85,127,92,87,105,202
Mexico,2024,South America,2,85,128,94,90,105,200
Mexico,2025,South America,2,85,129,94,89,105,200
Mexico,2026,South America,2,85,137,93,89,105,200
"Micronesia, Fed. Sts.",2000,Asia,2,130,88,126,109,149,126
"Micronesia, Fed. Sts.",2001,Asia,2,129,88,125,108,148,126
"Micronesia, Fed. Sts.",2002,Asia,2,130,88,129,114,153,129
"Micronesia, Fed. Sts.",2003,Asia,2,130,88,129,123,150,127
"Micronesia, Fed. Sts.",2004,Asia,2,128,88,134,133,153,127
"Micronesia, Fed. Sts.",2005,Asia,2,129,88,137,133,157,127
"Micronesia, Fed. Sts.",2006,Asia,2,130,88,141,140,158,127
"Micronesia, Fed. Sts.",2007,Asia,2,129,88,147,146,161,127
"Micronesia, Fed. Sts.",2008,Asia,2,128,88,151,149,162,128
"Micronesia, Fed. Sts.",2009,Asia,2,130,88,150,146,162,128
"Micronesia, Fed. Sts.",2010,Asia,2,129,88,152,151,162,127
"Micronesia, Fed. Sts.",2011,Asia,2,130,88,152,154,163,127
"Micronesia, Fed. Sts.",2012,Asia,2,130,88,154,153,165,129
"Micronesia, Fed. Sts.",2013,Asia,2,128,88,154,154,164,127
"Micronesia, Fed. Sts.",2014,Asia,2,130,88,154,157,168,127
"Micronesia, Fed. Sts.",2015,Asia,2,128,88,155,155,170,127
"Micronesia, Fed. Sts.",2016,Asia,2,129,88,155,153,170,128
"Micronesia, Fed. Sts.",2017,Asia,2,129,88,153,152,170,127
"Micronesia, Fed. Sts.",2018,Asia,2,129,88,152,148,170,127
"Micronesia, Fed. Sts.",2019,Asia,2,128,1,151,149,172,128
"Micronesia, Fed. Sts.",2020,Asia,2,128,88,152,150,173,128
"Micronesia, Fed. Sts.",2021,Asia,2,129,88,151,154,165,126
"Micronesia, Fed. Sts.",2022,Asia,2,128,1,154,150,171,128
"Micronesia, Fed. Sts.",2023,Asia,2,129,1,150,146,173,128
"Micronesia, Fed. Sts.",2024,Asia,2,129,1,151,147,174,127
"Micronesia, Fed. Sts.",2025,Asia,2,127,1,151,147,174,127
"Micronesia, Fed. Sts.",2026,Asia,2,129,1,151,147,174,128
Moldova,2000,Europe,2,126,119,154,184,132,143
Moldova,2001,Europe,2,128,119,154,177,132,143
Moldova,2002,Europe,2,127,119,154,172,134,143
Moldova,2003,Europe,2,127,119,153,170,136,144
Moldova,2004,Europe,2,125,119,150,168,136,144
Moldova,2005,Europe,2,128,119,150,164,134,144
Moldova,2006,Europe,2,128,119,150,166,135,144
Moldova,2007,Europe,2,126,119,148,159,133,143
Moldova,2008,Europe,2,127,119,140,153,135,143
Moldova,2009,Europe,2,126,119,142,155,135,144
Moldova,2010,Europe,2,127,119,143,155,133,143
Moldova,2011,Europe,2,126,119,142,152,132,145
Moldova,2012,Europe,2,126,119,142,151,134,144
Moldova,2013,Europe,2,125,119,141,151,136,144
Moldova,2014,Europe,2,126,118,142,151,141,144
Moldova,2015,Europe,2,125,119,145,156,143,143
Moldova,2016,Europe,2,128,118,146,155,144,145
Moldova,2017,Europe,2,125,118,143,149,144,144
Moldova,2018,Europe,2,127,118,140,141,147,143
Moldova,2019,Europe,2,125,118,137,135,149,144
Moldova,2020,Europe,2,126,118,135,128,146,144
Moldova,2021,Europe,2,127,118,131,122,145,144
Moldova,2022,Europe,2,127,118,129,126,140,144
Moldova,2023,Europe,2,127,118,125,118,144,143
Moldova,2024,Europe,2,125,118,126,117,144,143
Moldova,2025,Europe,2,126,118,126,117,144,144
Moldova,2026,Europe,2,128,118,126,117,144,143
Monaco,2000,Europe,1,8,39,1,1,1,54
Monaco,2001,Europe,1,11,39,1,1,1,54
Monaco,2002,Europe,1,13,40,1,1,1,55
Monaco,2003,Europe,1,9,39,1,1,1,54
Monaco,2004,Europe,1,16,40,1,1,1,54
Monaco,2005,Europe,1,9,1,1,1,1,54
Monaco,2006,Europe,1,10,1,1,1,1,54
Monaco,2007,Europe,1,12,1,1,1,1,55
Monaco,2008,Europe,1,9,1,1,1,2,53
Monaco,2009,Europe,1,13,1,1,1,1,54
Monaco,2010,Europe,1,10,1,1,1,1,54
Monaco,2011,Europe,1,13,1,1,1,1,54
Monaco,2012,Europe,1,10,1,1,1,1,53
Monaco,2013,Europe,1,11,1,1,1,1,54
Monaco,2014,Europe,1,11,1,1,1,1,54
Monaco,2015,Europe,1,8,1,1,1,1,54
Monaco,2016,Europe,1,9,1,1,1,1,54
Monaco,2017,Europe,1,11,1,1,1,1,54
Monaco,2018,Europe,1,10,1,1,1,1,54
Monaco,2019,Europe,1,12,1,1,1,1,54
Monaco,2020,Europe,1,13,1,1,1,1,55
Monaco,2021,Europe,1,12,1,1,1,2,53
Monaco,2022,Europe,1,9,1,1,1,1,54
Monaco,2023,Europe,1,9,1,1,1,1,55
Monaco,2024,Europe,1,9,1,1,1,1,53
Monaco,2025,Europe,1,9,1,1,1,1,54
Monaco,2026,Europe,1,15,1,1,1,1,54
Mongolia,2000,Asia,2,113,104,159,181,155,130
Mongolia,2001,Asia,2,114,103,159,175,155,132
Mongolia,2002,Asia,2,113,103,159,173,159,132
Mongolia,2003,Asia,2,111,104,159,174,161,132
Mongolia,2004,Asia,2,114,103,158,171,157,131
Mongolia,2005,Asia,2,113,104,156,167,154,133
Mongolia,2006,Asia,2,114,104,154,157,151,130
Mongolia,2007,Asia,2,114,103,150,155,149,131
Mongolia,2008,Asia,2,112,104,147,151,149,133
Mongolia,2009,Asia,2,114,103,152,160,149,133
Mongolia,2010,Asia,2,113,104,145,152,146,133
Mongolia,2011,Asia,2,115,104,137,138,143,133
Mongolia,2012,Asia,2,114,104,136,133,142,131
Mongolia,2013,Asia,2,114,103,136,134,140,132
Mongolia,2014,Asia,2,116,104,135,135,135,133
Mongolia,2015,Asia,2,114,104,135,137,135,133
Mongolia,2016,Asia,2,117,104,139,141,143,131
Mongolia,2017,Asia,2,113,103,141,145,141,131
Mongolia,2018,Asia,2,116,104,136,142,143,131
Mongolia,2019,Asia,2,112,103,135,139,141,133
Mongolia,2020,Asia,2,116,104,131,135,129,132
Mongolia,2021,Asia,2,117,104,127,136,116,132
Mongolia,2022,Asia,2,116,104,133,134,136,130
Mongolia,2023,Asia,2,113,104,130,128,134,133
Mongolia,2024,Asia,2,117,1,127,124,134,131
Mongolia,2025,Asia,2,115,1,127,124,134,132
Mongolia,2026,Asia,2,114,1,127,124,134,132
Montenegro,2000,Europe,2,128,128,105,125,71,139
Montenegro,2001,Europe,2,126,128,104,115,72,139
Montenegro,2002,Europe,2,126,128,102,115,72,139
Montenegro,2003,Europe,2,126,128,99,106,72,139
Montenegro,2004,Europe,2,126,128,98,109,72,139
Montenegro,2005,Europe,2,126,128,98,110,76,139
Montenegro,2006,Europe,2,125,128,98,108,82,140
Montenegro,2007,Europe,2,127,127,96,102,77,139
Montenegro,2008,Europe,2,125,128,89,95,73,139
Montenegro,2009,Europe,2,127,128,91,102,74,141
Montenegro,2010,Europe,2,126,128,93,103,69,141
Montenegro,2011,Europe,2,127,128,92,105,71,139
Montenegro,2012,Europe,2,129,128,97,110,69,140
Montenegro,2013,Europe,2,129,128,97,108,69,139
Montenegro,2014,Europe,2,128,127,96,106,75,141
Montenegro,2015,Europe,2,129,128,96,106,70,139
Montenegro,2016,Europe,2,126,128,96,104,75,139
Montenegro,2017,Europe,2,127,127,94,103,74,140
Montenegro,2018,Europe,2,126,128,90,101,62,139
Montenegro,2019,Europe,2,130,128,93,101,81,140
Montenegro,2020,Europe,2,127,128,94,99,79,140
Montenegro,2021,Europe,2,128,128,94,98,89,139
Montenegro,2022,Europe,2,125,127,92,99,84,141
Montenegro,2023,Europe,2,128,128,89,95,76,139
Montenegro,2024,Europe,2,128,127,90,95,75,139
Montenegro,2025,Europe,2,128,127,90,95,75,140
Montenegro,2026,Europe,2,125,127,89,94,75,139
Morocco,2000,Asia,3,161,182,141,129,136,142
Morocco,2001,Asia,3,162,182,140,129,136,141
Morocco,2002,Asia,3,161,182,137,130,136,142
Morocco,2003,Asia,3,163,182,136,129,135,142
Morocco,2004,Asia,3,163,182,135,132,131,142
Morocco,2005,Asia,3,161,182,136,132,131,142
Morocco,2006,Asia,3,163,182,137,135,129,142
Morocco,2007,Asia,3,161,182,136,139,128,141
Morocco,2008,Asia,3,163,182,138,139,128,141
Morocco,2009,Asia,3,161,182,137,136,124,142
Morocco,2010,Asia,3,162,182,144,139,126,142
Morocco,2011,Asia,3,163,181,145,147,123,142
Morocco,2012,Asia,3,164,182,145,149,120,142
Morocco,2013,Asia,3,162,183,145,150,120,141
Morocco,2014,Asia,3,162,181,146,148,118,142
Morocco,2015,Asia,3,162,184,144,151,116,142
Morocco,2016,Asia,3,164,181,145,150,112,142
Morocco,2017,Asia,3,163,182,145,153,111,142
Morocco,2018,Asia,3,165,181,144,150,110,142
Morocco,2019,Asia,3,161,181,144,152,105,142
Morocco,2020,Asia,3,162,182,147,151,108,142
Morocco,2021,Asia,3,162,181,141,148,96,142
Morocco,2022,Asia,3,163,181,145,155,96,142
Morocco,2023,Asia,3,163,182,143,149,103,141
Morocco,2024,Asia,3,163,181,143,151,103,142
Morocco,2025,Asia,3,163,180,143,151,103,142
Morocco,2026,Asia,3,162,180,143,151,103,142
Mozambique,2000,Africa,4,196,202,187,194,203,202
Mozambique,2001,Africa,4,194,202,188,200,203,202
Mozambique,2002,Africa,4,194,202,192,198,203,202
Mozambique,2003,Africa,4,194,202,195,202,205,202
Mozambique,2004,Africa,4,197,202,197,203,206,202
Mozambique,2005,Africa,4,194,202,198,202,207,202
Mozambique,2006,Africa,4,196,202,198,198,208,202
Mozambique,2007,Africa,4,194,202,201,201,209,202
Mozambique,2008,Africa,4,194,202,205,202,209,202
Mozambique,2009,Africa,4,196,202,208,207,209,202
Mozambique,2010,Africa,4,194,202,210,209,208,202
Mozambique,2011,Africa,4,194,202,210,208,209,202
Mozambique,2012,Africa,4,194,202,211,206,209,202
Mozambique,2013,Africa,4,194,202,212,206,207,202
Mozambique,2014,Africa,4,194,202,210,206,206,202
Mozambique,2015,Africa,4,195,202,210,208,205,202
Mozambique,2016,Africa,4,195,202,212,215,202,202
Mozambique,2017,Africa,4,194,202,211,214,201,202
Mozambique,2018,Africa,4,195,202,211,212,201,202
Mozambique,2019,Africa,4,194,202,211,212,199,202
Mozambique,2020,Africa,4,194,202,212,215,199,202
Mozambique,2021,Africa,4,194,202,212,213,202,202
Mozambique,2022,Africa,4,196,202,209,212,197,202
Mozambique,2023,Africa,4,197,202,209,212,199,201
Mozambique,2024,Africa,4,195,202,209,211,199,202
Mozambique,2025,Africa,4,195,202,209,211,199,202
Mozambique,2026,Africa,4,195,202,209,211,199,202
Myanmar,2000,Asia,3,175,148,187,210,168,167
Myanmar,2001,Asia,3,173,147,188,214,168,167
Myanmar,2002,Asia,3,175,147,192,215,168,168
Myanmar,2003,Asia,3,177,148,193,213,169,167
Myanmar,2004,Asia,3,174,147,196,213,169,167
Myanmar,2005,Asia,3,177,147,195,214,169,166
Myanmar,2006,Asia,3,176,147,193,213,168,167
Myanmar,2007,Asia,3,174,147,191,207,170,167
Myanmar,2008,Asia,3,173,148,195,197,193,167
Myanmar,2009,Asia,3,176,148,182,194,171,167
Myanmar,2010,Asia,3,174,147,179,186,172,165
Myanmar,2011,Asia,3,177,148,177,183,172,167
Myanmar,2012,Asia,3,174,148,178,186,172,167
Myanmar,2013,Asia,3,175,147,179,188,173,166
Myanmar,2014,Asia,3,174,147,178,183,173,166
Myanmar,2015,Asia,3,173,147,180,187,172,167
Myanmar,2016,Asia,3,174,147,179,185,168,168
Myanmar,2017,Asia,3,175,147,181,184,167,166
Myanmar,2018,Asia,3,176,148,181,184,168,167
Myanmar,2019,Asia,3,176,148,179,182,170,168
Myanmar,2020,Asia,3,173,148,176,181,168,166
Myanmar,2021,Asia,3,172,147,185,189,170,166
Myanmar,2022,Asia,3,173,147,188,191,176,167
Myanmar,2023,Asia,3,175,148,188,190,177,167
Myanmar,2024,Asia,3,176,148,185,188,177,166
Myanmar,2025,Asia,3,175,148,185,188,177,166
Myanmar,2026,Asia,3,174,148,185,188,177,167
Namibia,2000,Africa,3,162,157,158,108,191,175
Namibia,2001,Africa,3,164,157,160,114,195,175
Namibia,2002,Africa,3,162,157,161,124,197,175
Namibia,2003,Africa,3,161,156,161,111,202,175
Namibia,2004,Africa,3,161,157,159,106,204,175
Namibia,2005,Africa,3,162,157,159,109,204,175
Namibia,2006,Africa,3,161,157,159,112,205,174
Namibia,2007,Africa,3,160,157,159,115,206,175
Namibia,2008,Africa,3,161,157,164,124,207,175
Namibia,2009,Africa,3,160,157,160,118,207,174
Namibia,2010,Africa,3,164,157,159,113,205,175
Namibia,2011,Africa,3,162,157,162,115,206,175
Namibia,2012,Africa,3,163,156,161,119,203,175
Namibia,2013,Africa,3,160,157,161,126,200,176
Namibia,2014,Africa,3,161,157,161,126,197,175
Namibia,2015,Africa,3,160,157,159,124,197,175
Namibia,2016,Africa,3,160,157,160,126,195,175
Namibia,2017,Africa,3,161,157,158,123,192,175
Namibia,2018,Africa,3,160,157,157,124,191,175
Namibia,2019,Africa,3,160,157,159,129,187,175
Namibia,2020,Africa,3,163,157,157,138,186,175
Namibia,2021,Africa,3,163,157,163,137,199,174
Namibia,2022,Africa,3,161,157,161,139,190,175
Namibia,2023,Africa,3,161,157,158,144,169,174
Namibia,2024,Africa,3,162,157,158,144,172,174
Namibia,2025,Africa,3,161,157,158,144,172,175
Namibia,2026,Africa,3,163,157,158,144,172,175
Naoero,2000,Asia,1,53,74,122,103,169,84
Naoero,2001,Asia,1,50,74,127,107,171,84
Naoero,2002,Asia,1,51,74,131,118,172,84
Naoero,2003,Asia,1,52,74,130,114,177,84
Naoero,2004,Asia,1,55,74,130,112,176,84
Naoero,2005,Asia,1,49,74,133,120,178,84
Naoero,2006,Asia,1,52,74,138,128,181,84
Naoero,2007,Asia,1,51,74,151,147,182,84
Naoero,2008,Asia,1,55,73,139,132,185,84
Naoero,2009,Asia,1,53,72,136,117,186,85
Naoero,2010,Asia,1,52,74,139,121,185,85
Naoero,2011,Asia,1,51,73,136,111,189,84
Naoero,2012,Asia,1,51,73,128,92,189,84
Naoero,2013,Asia,1,50,72,131,96,191,84
Naoero,2014,Asia,1,52,1,131,93,191,84
Naoero,2015,Asia,1,50,1,131,98,192,84
Naoero,2016,Asia,1,52,1,125,93,194,84
Naoero,2017,Asia,1,54,1,125,93,197,84
Naoero,2018,Asia,1,55,1,125,87,197,84
Naoero,2019,Asia,1,52,1,126,88,198,84
Naoero,2020,Asia,1,52,1,117,84,197,84
Naoero,2021,Asia,1,52,1,112,85,195,84
Naoero,2022,Asia,1,51,1,115,83,203,84
Naoero,2023,Asia,1,54,1,120,89,203,84
Naoero,2024,Asia,1,57,1,123,89,203,84
Naoero,2025,Asia,1,52,1,124,92,203,84
Naoero,2026,Asia,1,55,1,124,95,203,84
Nepal,2000,Asia,3,148,163,181,209,158,158
Nepal,2001,Asia,3,148,162,182,205,157,157
Nepal,2002,Asia,3,148,162,181,207,160,157
Nepal,2003,Asia,3,148,162,184,210,156,157
Nepal,2004,Asia,3,150,163,184,210,155,158
Nepal,2005,Asia,3,148,162,184,210,155,158
Nepal,2006,Asia,3,149,162,185,208,152,157
Nepal,2007,Asia,3,149,162,185,211,153,157
Nepal,2008,Asia,3,148,163,184,210,154,157
Nepal,2009,Asia,3,149,163,186,208,156,158
Nepal,2010,Asia,3,149,163,184,206,157,157
Nepal,2011,Asia,3,149,162,179,198,156,157
Nepal,2012,Asia,3,149,162,180,200,155,157
Nepal,2013,Asia,3,150,162,183,200,155,157
Nepal,2014,Asia,3,148,162,183,200,155,157
Nepal,2015,Asia,3,148,163,183,196,155,157
Nepal,2016,Asia,3,149,162,181,193,154,158
Nepal,2017,Asia,3,150,163,178,190,153,157
Nepal,2018,Asia,3,150,163,177,188,153,157
Nepal,2019,Asia,3,149,162,176,188,154,157
Nepal,2020,Asia,3,149,162,177,188,151,157
Nepal,2021,Asia,3,149,162,177,187,150,157
Nepal,2022,Asia,3,147,163,175,187,152,157
Nepal,2023,Asia,3,149,162,176,187,150,157
Nepal,2024,Asia,3,148,163,177,186,150,157
Nepal,2025,Asia,3,149,163,177,185,150,157
Nepal,2026,Asia,3,147,163,177,185,150,157
Netherlands,2000,Europe,1,42,73,27,28,25,10
Netherlands,2001,Europe,1,38,73,24,26,29,10
Netherlands,2002,Europe,1,38,73,22,22,30,10
Netherlands,2003,Europe,1,40,73,16,19,30,9
Netherlands,2004,Europe,1,41,72,16,20,28,9
Netherlands,2005,Europe,1,40,73,17,21,26,9
Netherlands,2006,Europe,1,35,73,18,20,25,9
Netherlands,2007,Europe,1,42,72,15,20,25,9
Netherlands,2008,Europe,1,36,74,16,14,26,10
Netherlands,2009,Europe,1,40,74,12,16,25,11
Netherlands,2010,Europe,1,38,73,18,19,26,9
Netherlands,2011,Europe,1,40,74,19,18,23,10
Netherlands,2012,Europe,1,35,74,22,22,27,8
Netherlands,2013,Europe,1,39,74,22,22,28,10
Netherlands,2014,Europe,1,39,1,22,22,25,10
Netherlands,2015,Europe,1,34,1,24,22,28,10
Netherlands,2016,Europe,1,39,1,24,23,30,10
Netherlands,2017,Europe,1,38,1,24,23,29,10
Netherlands,2018,Europe,1,39,1,23,23,27,9
Netherlands,2019,Europe,1,41,1,22,21,28,10
Netherlands,2020,Europe,1,40,1,20,19,30,10
Netherlands,2021,Europe,1,35,1,21,21,30,10
Netherlands,2022,Europe,1,41,1,22,20,30,9
Netherlands,2023,Europe,1,36,1,22,21,32,10
Netherlands,2024,Europe,1,38,1,21,20,37,10
Netherlands,2025,Europe,1,35,1,20,20,37,10
Netherlands,2026,Europe,1,43,1,19,20,37,9
New Caledonia,2000,Asia,1,79,45,58,51,69,41
New Caledonia,2001,Asia,1,78,44,59,54,70,40
New Caledonia,2002,Asia,1,77,44,56,52,69,39
New Caledonia,2003,Asia,1,80,44,51,45,70,40
New Caledonia,2004,Asia,1,82,45,48,43,68,40
New Caledonia,2005,Asia,1,80,45,52,46,68,39
New Caledonia,2006,Asia,1,82,44,51,45,69,40
New Caledonia,2007,Asia,1,80,1,47,41,68,41
New Caledonia,2008,Asia,1,79,1,48,41,68,40
New Caledonia,2009,Asia,1,78,1,48,39,67,41
New Caledonia,2010,Asia,1,81,1,47,39,68,40
New Caledonia,2011,Asia,1,77,1,45,38,67,41
New Caledonia,2012,Asia,1,80,1,46,40,66,41
New Caledonia,2013,Asia,1,80,1,47,40,67,39
New Caledonia,2014,Asia,1,77,1,45,40,66,40
New Caledonia,2015,Asia,1,81,1,49,41,66,41
New Caledonia,2016,Asia,1,80,1,51,44,65,41
New Caledonia,2017,Asia,1,81,1,49,43,64,40
New Caledonia,2018,Asia,1,80,1,48,42,66,40
New Caledonia,2019,Asia,1,81,1,50,44,71,41
New Caledonia,2020,Asia,1,81,1,47,41,66,40
New Caledonia,2021,Asia,1,82,1,47,43,58,40
New Caledonia,2022,Asia,1,77,1,51,49,61,40
New Caledonia,2023,Asia,1,81,1,52,51,58,40
New Caledonia,2024,Asia,1,78,1,57,60,60,39
New Caledonia,2025,Asia,1,78,1,57,60,60,41
New Caledonia,2026,Asia,1,80,1,57,60,60,41
New Zealand,2000,Asia,1,35,1,47,56,19,65
New Zealand,2001,Asia,1,44,1,46,55,22,65
New Zealand,2002,Asia,1,36,1,42,49,21,65
New Zealand,2003,Asia,1,38,1,39,42,21,66
New Zealand,2004,Asia,1,39,1,40,40,22,66
New Zealand,2005,Asia,1,36,1,39,41,23,65
New Zealand,2006,Asia,1,34,1,41,47,23,66
New Zealand,2007,Asia,1,36,1,39,43,24,65
New Zealand,2008,Asia,1,41,1,41,47,25,65
New Zealand,2009,Asia,1,37,1,40,47,23,66
New Zealand,2010,Asia,1,36,1,37,41,24,65
New Zealand,2011,Asia,1,34,1,35,40,24,65
New Zealand,2012,Asia,1,41,1,33,37,22,65
New Zealand,2013,Asia,1,38,1,32,34,25,66
New Zealand,2014,Asia,1,37,1,33,32,29,65
New Zealand,2015,Asia,1,37,1,32,34,27,66
New Zealand,2016,Asia,1,42,1,34,35,27,65
New Zealand,2017,Asia,1,47,1,30,32,27,66
New Zealand,2018,Asia,1,46,1,34,33,31,66
New Zealand,2019,Asia,1,43,1,34,34,29,65
New Zealand,2020,Asia,1,44,1,27,31,18,65
New Zealand,2021,Asia,1,37,1,26,30,23,65
New Zealand,2022,Asia,1,45,1,26,31,26,66
New Zealand,2023,Asia,1,40,1,33,34,34,66
New Zealand,2024,Asia,1,39,1,34,34,35,65
New Zealand,2025,Asia,1,43,1,34,34,35,65
New Zealand,2026,Asia,1,39,1,34,34,35,66
Nicaragua,2000,South America,3,155,162,151,145,137,144
Nicaragua,2001,South America,3,154,163,148,145,137,144
Nicaragua,2002,South America,3,156,163,150,146,130,144
Nicaragua,2003,South America,3,156,163,151,151,129,143
Nicaragua,2004,South America,3,155,162,153,155,124,143
Nicaragua,2005,South America,3,156,163,152,157,123,143
Nicaragua,2006,South America,3,156,163,152,161,120,143
Nicaragua,2007,South America,3,155,163,153,167,117,145
Nicaragua,2008,South America,3,156,162,153,167,119,144
Nicaragua,2009,South America,3,157,162,155,164,116,143
Nicaragua,2010,South America,3,156,162,157,167,118,145
Nicaragua,2011,South America,3,156,163,157,167,118,143
Nicaragua,2012,South America,3,156,163,155,167,116,143
Nicaragua,2013,South America,3,156,163,155,167,116,143
Nicaragua,2014,South America,3,153,163,155,167,114,143
Nicaragua,2015,South America,3,156,162,154,165,115,144
Nicaragua,2016,South America,3,156,163,154,162,113,144
Nicaragua,2017,South America,3,155,162,154,165,114,143
Nicaragua,2018,South America,3,154,162,155,169,111,144
Nicaragua,2019,South America,3,156,163,156,173,112,143
Nicaragua,2020,South America,3,154,163,158,170,136,143
Nicaragua,2021,South America,3,155,163,157,173,130,143
Nicaragua,2022,South America,3,155,162,156,170,104,143
Nicaragua,2023,South America,3,154,163,152,163,106,145
Nicaragua,2024,South America,3,156,162,150,162,106,144
Nicaragua,2025,South America,3,156,162,150,162,106,143
Nicaragua,2026,South America,3,156,162,150,162,106,144
Niger,2000,Africa,4,209,210,187,211,204,182
Niger,2001,Africa,4,209,209,188,210,204,184
Niger,2002,Africa,4,209,209,192,210,205,183
Niger,2003,Africa,4,210,210,195,207,203,183
Niger,2004,Africa,4,209,209,197,209,202,183
Niger,2005,Africa,4,210,210,198,208,200,183
Niger,2006,Africa,4,209,209,198,210,199,183
Niger,2007,Africa,4,209,209,201,210,197,183
Niger,2008,Africa,4,208,210,205,208,197,182
Niger,2009,Africa,4,209,210,208,209,197,183
Niger,2010,Africa,4,209,208,210,212,198,183
Niger,2011,Africa,4,209,210,211,212,201,183
Niger,2012,Africa,4,210,210,213,212,201,183
Niger,2013,Africa,4,209,208,213,210,201,183
Niger,2014,Africa,4,209,210,212,210,202,183
Niger,2015,Africa,4,209,210,212,213,203,182
Niger,2016,Africa,4,210,210,210,210,204,182
Niger,2017,Africa,4,209,209,210,209,205,184
Niger,2018,Africa,4,208,208,210,209,206,182
Niger,2019,Africa,4,209,210,212,210,206,183
Niger,2020,Africa,4,210,208,211,210,207,181
Niger,2021,Africa,4,210,209,211,210,208,182
Niger,2022,Africa,4,209,210,212,210,210,182
Niger,2023,Africa,4,209,208,213,210,207,182
Niger,2024,Africa,4,210,209,211,209,207,182
Niger,2025,Africa,4,209,209,211,209,207,182
Niger,2026,Africa,4,210,210,211,209,207,182
Nigeria,2000,Africa,3,157,192,187,174,211,204
Nigeria,2001,Africa,3,157,194,188,171,209,206
Nigeria,2002,Africa,3,157,196,192,168,211,204
Nigeria,2003,Africa,3,157,196,194,168,211,206
Nigeria,2004,Africa,3,157,196,190,163,211,204
Nigeria,2005,Africa,3,157,196,188,154,211,204
Nigeria,2006,Africa,3,157,196,188,150,211,206
Nigeria,2007,Africa,3,157,197,189,152,211,208
Nigeria,2008,Africa,3,157,197,188,150,211,204
Nigeria,2009,Africa,3,156,197,191,157,212,206
Nigeria,2010,Africa,3,157,197,189,157,211,208
Nigeria,2011,Africa,3,157,197,190,157,212,206
Nigeria,2012,Africa,3,157,197,188,157,212,206
Nigeria,2013,Africa,3,157,197,189,155,214,206
Nigeria,2014,Africa,3,157,197,189,153,213,209
Nigeria,2015,Africa,3,157,197,191,157,213,212
Nigeria,2016,Africa,3,157,197,193,166,214,208
Nigeria,2017,Africa,3,157,197,195,170,213,212
Nigeria,2018,Africa,3,157,198,193,167,214,214
Nigeria,2019,Africa,3,157,198,190,155,215,214
Nigeria,2020,Africa,3,157,198,188,157,216,212
Nigeria,2021,Africa,3,157,198,190,157,215,209
Nigeria,2022,Africa,3,157,198,190,161,215,214
Nigeria,2023,Africa,3,157,198,197,172,217,213
Nigeria,2024,Africa,3,157,198,207,196,217,215
Nigeria,2025,Africa,3,157,197,207,195,217,213
Nigeria,2026,Africa,3,157,197,207,195,217,214
North Macedonia,2000,Europe,2,120,133,103,117,75,116
North Macedonia,2001,Europe,2,121,129,105,120,73,116
North Macedonia,2002,Europe,2,120,131,108,121,83,116
North Macedonia,2003,Europe,2,120,133,103,115,83,116
North Macedonia,2004,Europe,2,122,132,105,114,79,116
North Macedonia,2005,Europe,2,120,133,108,119,82,115
North Macedonia,2006,Europe,2,122,132,107,118,80,116
North Macedonia,2007,Europe,2,121,132,107,116,84,116
North Macedonia,2008,Europe,2,123,131,104,114,80,115
North Macedonia,2009,Europe,2,122,131,105,114,86,116
North Macedonia,2010,Europe,2,120,131,107,118,80,116
North Macedonia,2011,Europe,2,121,130,107,121,82,115
North Macedonia,2012,Europe,2,123,129,114,127,88,116
North Macedonia,2013,Europe,2,120,134,110,124,85,115
North Macedonia,2014,Europe,2,123,132,107,121,86,116
North Macedonia,2015,Europe,2,122,132,108,121,88,116
North Macedonia,2016,Europe,2,119,133,107,118,90,116
North Macedonia,2017,Europe,2,120,131,108,118,85,116
North Macedonia,2018,Europe,2,120,131,105,112,78,116
North Macedonia,2019,Europe,2,122,133,104,111,83,116
North Macedonia,2020,Europe,2,121,130,100,105,96,116
North Macedonia,2021,Europe,2,119,131,99,106,97,115
North Macedonia,2022,Europe,2,122,133,107,110,106,116
North Macedonia,2023,Europe,2,119,133,106,105,102,115
North Macedonia,2024,Europe,2,122,131,103,106,89,116
North Macedonia,2025,Europe,2,119,130,103,106,89,116
North Macedonia,2026,Europe,2,120,131,103,106,89,116
Northern Mariana Islands,2000,Asia,1,22,68,16,5,52,18
Northern Mariana Islands,2001,Asia,1,19,68,14,5,51,17
Northern Mariana Islands,2002,Asia,1,16,69,48,42,50,17
Northern Mariana Islands,2003,Asia,1,15,69,48,51,49,17
Northern Mariana Islands,2004,Asia,1,19,69,52,54,49,17
Northern Mariana Islands,2005,Asia,1,20,68,56,59,48,16
Northern Mariana Islands,2006,Asia,1,22,68,57,63,46,17
Northern Mariana Islands,2007,Asia,1,22,68,59,68,46,17
Northern Mariana Islands,2008,Asia,1,15,68,62,70,49,17
Northern Mariana Islands,2009,Asia,1,19,68,61,70,50,17
Northern Mariana Islands,2010,Asia,1,21,68,64,68,52,17
Northern Mariana Islands,2011,Asia,1,20,68,68,77,56,17
Northern Mariana Islands,2012,Asia,1,19,69,69,75,56,17
Northern Mariana Islands,2013,Asia,1,22,1,68,75,59,18
Northern Mariana Islands,2014,Asia,1,18,1,68,70,60,17
Northern Mariana Islands,2015,Asia,1,22,1,65,67,62,18
Northern Mariana Islands,2016,Asia,1,21,1,57,53,64,17
Northern Mariana Islands,2017,Asia,1,21,1,51,45,65,17
Northern Mariana Islands,2018,Asia,1,20,1,57,54,68,17
Northern Mariana Islands,2019,Asia,1,22,1,59,56,63,18
Northern Mariana Islands,2020,Asia,1,21,1,60,65,55,17
Northern Mariana Islands,2021,Asia,1,22,1,60,66,49,17
Northern Mariana Islands,2022,Asia,1,19,1,60,61,55,17
Northern Mariana Islands,2023,Asia,1,22,1,61,62,56,17
Northern Mariana Islands,2024,Asia,1,21,1,60,64,58,17
Northern Mariana Islands,2025,Asia,1,20,1,60,64,58,17
Northern Mariana Islands,2026,Asia,1,22,1,60,64,58,17
Norway,2000,Europe,1,1,21,11,18,20,1
Norway,2001,Europe,1,1,22,12,17,21,1
Norway,2002,Europe,1,1,1,10,12,20,1
Norway,2003,Europe,1,1,1,8,6,20,1
Norway,2004,Europe,1,1,1,7,6,19,1
Norway,2005,Europe,1,1,1,5,5,20,1
Norway,2006,Europe,1,1,1,4,6,20,1
Norway,2007,Europe,1,1,1,7,6,21,1
Norway,2008,Europe,1,1,1,6,5,21,1
Norway,2009,Europe,1,1,1,5,5,22,1
Norway,2010,Europe,1,1,1,4,5,23,1
Norway,2011,Europe,1,1,1,5,4,22,1
Norway,2012,Europe,1,1,1,5,5,21,1
Norway,2013,Europe,1,1,1,6,4,21,1
Norway,2014,Europe,1,1,1,5,5,19,1
Norway,2015,Europe,1,1,1,5,7,17,1
Norway,2016,Europe,1,1,1,6,8,16,1
Norway,2017,Europe,1,1,1,5,8,16,1
Norway,2018,Europe,1,1,1,6,7,16,1
Norway,2019,Europe,1,1,1,5,10,17,1
Norway,2020,Europe,1,1,1,3,11,7,1
Norway,2021,Europe,1,1,1,4,7,12,1
Norway,2022,Europe,1,1,1,7,5,20,1
Norway,2023,Europe,1,1,1,7,8,21,1
Norway,2024,Europe,1,1,1,7,10,19,1
Norway,2025,Europe,1,1,1,7,10,19,1
Norway,2026,Europe,1,1,1,8,10,19,1
Oman,2000,Asia,1,52,65,64,66,68,77
Oman,2001,Asia,1,53,66,64,67,69,77
Oman,2002,Asia,1,52,66,62,66,70,77
Oman,2003,Asia,1,54,65,65,65,68,76
Oman,2004,Asia,1,52,65,65,65,67,77
Oman,2005,Asia,1,53,65,64,63,65,76
Oman,2006,Asia,1,53,65,60,61,64,76
Oman,2007,Asia,1,50,65,61,59,65,77
Oman,2008,Asia,1,53,66,56,54,59,76
Oman,2009,Asia,1,57,66,58,57,59,77
Oman,2010,Asia,1,50,67,54,53,56,77
Oman,2011,Asia,1,50,1,53,54,55,76
Oman,2012,Asia,1,54,1,53,54,51,77
Oman,2013,Asia,1,49,1,54,55,51,77
Oman,2014,Asia,1,53,1,54,56,49,76
Oman,2015,Asia,1,52,1,58,63,49,76
Oman,2016,Asia,1,50,1,61,67,49,75
Oman,2017,Asia,1,50,1,60,67,47,76
Oman,2018,Asia,1,51,1,61,64,49,77
Oman,2019,Asia,1,51,1,61,67,49,76
Oman,2020,Asia,1,54,1,64,68,58,76
Oman,2021,Asia,1,55,1,66,67,67,76
Oman,2022,Asia,1,53,1,62,62,59,77
Oman,2023,Asia,1,52,1,63,74,52,76
Oman,2024,Asia,1,50,1,68,75,52,77
Oman,2025,Asia,1,51,1,68,75,52,77
Oman,2026,Asia,1,53,1,68,75,52,76
Pakistan,2000,Asia,3,170,190,162,165,161,199
Pakistan,2001,Asia,3,175,190,163,169,162,199
Pakistan,2002,Asia,3,173,190,162,171,162,200
Pakistan,2003,Asia,3,173,190,164,172,163,199
Pakistan,2004,Asia,3,171,190,165,172,165,199
Pakistan,2005,Asia,3,174,190,170,176,167,200
Pakistan,2006,Asia,3,171,190,168,177,165,199
Pakistan,2007,Asia,3,172,190,171,176,165,200
Pakistan,2008,Asia,3,174,190,172,182,166,199
Pakistan,2009,Asia,3,175,190,174,185,166,199
Pakistan,2010,Asia,3,175,190,176,187,166,199
Pakistan,2011,Asia,3,172,190,176,186,166,199
Pakistan,2012,Asia,3,171,190,175,185,167,199
Pakistan,2013,Asia,3,174,190,177,186,167,200
Pakistan,2014,Asia,3,173,190,177,186,167,199
Pakistan,2015,Asia,3,174,190,173,178,166,200
Pakistan,2016,Asia,3,173,190,173,178,165,199
Pakistan,2017,Asia,3,170,190,176,177,165,199
Pakistan,2018,Asia,3,174,190,176,178,165,198
Pakistan,2019,Asia,3,171,190,178,184,166,198
Pakistan,2020,Asia,3,174,190,181,185,175,200
Pakistan,2021,Asia,3,173,190,180,183,169,198
Pakistan,2022,Asia,3,172,190,179,183,168,198
Pakistan,2023,Asia,3,174,190,181,188,168,199
Pakistan,2024,Asia,3,174,190,182,184,169,198
Pakistan,2025,Asia,3,176,190,182,184,169,198
Pakistan,2026,Asia,3,176,190,182,184,169,198
Palau,2000,Asia,1,71,75,83,69,147,42
Palau,2001,Asia,1,73,75,81,68,149,43
Palau,2002,Asia,1,72,75,81,69,148,42
Palau,2003,Asia,1,71,75,85,73,147,43
Palau,2004,Asia,1,70,75,85,74,146,43
Palau,2005,Asia,1,71,75,85,73,146,42
Palau,2006,Asia,1,71,75,86,76,146,43
Palau,2007,Asia,1,72,75,89,80,147,43
Palau,2008,Asia,1,69,75,92,83,148,43
Palau,2009,Asia,1,73,75,90,80,148,42
Palau,2010,Asia,1,73,75,92,86,149,43
Palau,2011,Asia,1,73,75,91,85,149,43
Palau,2012,Asia,1,68,75,91,84,149,43
Palau,2013,Asia,1,71,75,90,82,150,43
Palau,2014,Asia,1,72,1,89,80,150,43
Palau,2015,Asia,1,71,1,85,71,152,43
Palau,2016,Asia,1,72,1,84,68,152,42
Palau,2017,Asia,1,71,1,85,73,152,42
Palau,2018,Asia,1,73,1,87,75,154,43
Palau,2019,Asia,1,73,1,86,77,156,42
Palau,2020,Asia,1,72,1,85,76,154,42
Palau,2021,Asia,1,71,1,87,81,149,42
Palau,2022,Asia,1,74,1,93,87,157,43
Palau,2023,Asia,1,72,1,95,84,157,43
Palau,2024,Asia,1,74,1,93,82,157,43
Palau,2025,Asia,1,73,1,93,82,157,43
Palau,2026,Asia,1,73,1,95,82,157,43
Panama,2000,South America,1,6,36,77,91,70,7
Panama,2001,South America,1,6,35,79,88,71,9
Panama,2002,South America,1,6,35,78,88,71,8
Panama,2003,South America,1,6,36,80,92,67,8
Panama,2004,South America,1,5,1,79,94,66,8
Panama,2005,South America,1,6,1,81,98,64,8
Panama,2006,South America,1,7,1,81,98,63,8
Panama,2007,South America,1,5,1,81,99,64,7
Panama,2008,South America,1,6,1,80,97,64,9
Panama,2009,South America,1,7,1,78,90,62,8
Panama,2010,South America,1,7,1,77,93,63,6
Panama,2011,South America,1,6,1,77,90,63,8
Panama,2012,South America,1,7,1,74,88,63,10
Panama,2013,South America,1,7,1,74,85,61,6
Panama,2014,South America,1,6,1,74,81,61,8
Panama,2015,South America,1,5,1,71,74,60,9
Panama,2016,South America,1,5,1,71,74,60,8
Panama,2017,South America,1,6,1,69,74,59,8
Panama,2018,South America,1,6,1,69,76,57,10
Panama,2019,South America,1,7,1,67,75,57,8
Panama,2020,South America,1,5,1,77,79,75,8
Panama,2021,South America,1,7,1,72,77,60,8
Panama,2022,South America,1,6,1,64,78,50,8
Panama,2023,South America,1,6,1,71,76,55,7
Panama,2024,South America,1,8,1,71,77,55,8
Panama,2025,South America,1,3,1,71,77,55,8
Panama,2026,South America,1,6,1,71,77,55,8
Papua New Guinea,2000,Asia,3,164,158,164,166,164,171
Papua New Guinea,2001,Asia,3,160,159,167,173,165,171
Papua New Guinea,2002,Asia,3,160,158,171,179,166,171
Papua New Guinea,2003,Asia,3,162,159,171,179,168,170
Papua New Guinea,2004,Asia,3,162,159,172,180,168,170
Papua New Guinea,2005,Asia,3,163,158,172,179,168,171
Papua New Guinea,2006,Asia,3,162,159,164,162,169,170
Papua New Guinea,2007,Asia,3,163,159,166,163,171,171
Papua New Guinea,2008,Asia,3,162,159,166,163,170,170
Papua New Guinea,2009,Asia,3,163,159,167,161,173,170
Papua New Guinea,2010,Asia,3,163,159,166,162,173,170
Papua New Guinea,2011,Asia,3,161,159,164,161,174,170
Papua New Guinea,2012,Asia,3,162,159,162,156,174,170
Papua New Guinea,2013,Asia,3,164,159,162,160,174,170
Papua New Guinea,2014,Asia,3,163,159,162,160,174,169
Papua New Guinea,2015,Asia,3,163,159,164,159,173,170
Papua New Guinea,2016,Asia,3,163,158,164,158,176,171
Papua New Guinea,2017,Asia,3,162,159,164,159,180,170
Papua New Guinea,2018,Asia,3,163,158,164,159,181,171
Papua New Guinea,2019,Asia,3,165,159,165,159,181,171
Papua New Guinea,2020,Asia,3,161,158,167,159,181,170
Papua New Guinea,2021,Asia,3,161,159,168,161,177,170
Papua New Guinea,2022,Asia,3,162,159,167,159,185,170
Papua New Guinea,2023,Asia,3,160,158,166,161,183,170
Papua New Guinea,2024,Asia,3,161,159,167,161,185,170
Papua New Guinea,2025,Asia,3,162,159,167,161,185,170
Papua New Guinea,2026,Asia,3,161,159,167,161,185,170
Paraguay,2000,South America,2,138,125,114,120,117,127
Paraguay,2001,South America,2,139,126,119,126,116,127
Paraguay,2002,South America,2,138,126,122,135,117,126
Paraguay,2003,South America,2,139,126,126,138,117,126
Paraguay,2004,South America,2,139,127,126,137,115,126
Paraguay,2005,South America,2,139,125,124,138,115,126
Paraguay,2006,South America,2,140,126,124,134,113,126
Paraguay,2007,South America,2,138,125,122,129,111,126
Paraguay,2008,South America,2,138,125,118,121,111,126
Paraguay,2009,South America,2,138,126,119,126,110,126
Paraguay,2010,South America,2,139,126,116,120,112,126
Paraguay,2011,South America,2,140,127,112,117,110,126
Paraguay,2012,South America,2,141,126,116,123,109,126
Paraguay,2013,South America,2,138,127,113,116,108,126
Paraguay,2014,South America,2,138,126,113,115,107,126
Paraguay,2015,South America,2,138,126,112,114,110,126
Paraguay,2016,South America,2,138,126,111,114,110,126
Paraguay,2017,South America,2,138,126,112,114,112,126
Paraguay,2018,South America,2,139,126,113,116,112,126
Paraguay,2019,South America,2,140,125,116,122,113,126
Paraguay,2020,South America,2,138,125,114,118,111,126
Paraguay,2021,South America,2,139,125,130,119,151,127
Paraguay,2022,South America,2,138,124,124,123,130,127
Paraguay,2023,South America,2,140,125,119,122,114,126
Paraguay,2024,South America,2,138,125,122,126,115,126
Paraguay,2025,South America,2,142,125,122,126,115,126
Paraguay,2026,South America,2,139,125,122,126,115,126
Peru,2000,South America,2,87,143,111,116,118,125
Peru,2001,South America,2,88,143,115,113,115,125
Peru,2002,South America,2,89,143,112,120,113,125
Peru,2003,South America,2,89,141,114,124,110,124
Peru,2004,South America,2,87,143,114,126,111,124
Peru,2005,South America,2,87,143,114,126,108,124
Peru,2006,South America,2,88,143,114,124,105,124
Peru,2007,South America,2,89,143,115,125,103,125
Peru,2008,South America,2,87,143,117,125,103,125
Peru,2009,South America,2,88,143,116,122,108,125
Peru,2010,South America,2,87,143,113,115,109,125
Peru,2011,South America,2,89,143,110,114,105,124
Peru,2012,South America,2,88,143,106,111,101,125
Peru,2013,South America,2,89,142,104,112,98,125
Peru,2014,South America,2,89,143,102,114,90,124
Peru,2015,South America,2,90,143,101,108,85,125
Peru,2016,South America,2,88,142,99,107,86,124
Peru,2017,South America,2,87,143,102,107,84,125
Peru,2018,South America,2,88,143,107,109,87,124
Peru,2019,South America,2,87,141,103,108,88,125
Peru,2020,South America,2,89,142,104,110,101,124
Peru,2021,South America,2,90,143,109,113,119,124
Peru,2022,South America,2,88,143,102,112,75,124
Peru,2023,South America,2,88,143,102,109,72,125
Peru,2024,South America,2,89,142,101,110,73,124
Peru,2025,South America,2,88,143,101,110,73,125
Peru,2026,South America,2,88,143,101,110,73,125
Philippines,2000,Asia,2,132,90,136,143,129,106
Philippines,2001,Asia,2,132,91,139,146,130,106
Philippines,2002,Asia,2,132,90,139,145,131,105
Philippines,2003,Asia,2,132,92,140,149,133,105
Philippines,2004,Asia,2,132,92,142,154,130,105
Philippines,2005,Asia,2,132,92,146,153,132,104
Philippines,2006,Asia,2,131,92,147,153,136,105
Philippines,2007,Asia,2,131,92,141,153,136,105
Philippines,2008,Asia,2,130,90,144,156,138,105
Philippines,2009,Asia,2,132,92,147,156,142,105
Philippines,2010,Asia,2,132,90,147,158,141,105
Philippines,2011,Asia,2,132,92,148,158,145,105
Philippines,2012,Asia,2,132,90,147,158,144,106
Philippines,2013,Asia,2,132,92,147,158,146,105
Philippines,2014,Asia,2,132,91,147,158,147,105
Philippines,2015,Asia,2,131,92,147,154,148,105
Philippines,2016,Asia,2,132,91,147,154,150,106
Philippines,2017,Asia,2,132,92,147,154,146,105
Philippines,2018,Asia,2,132,91,147,154,151,104
Philippines,2019,Asia,2,132,90,147,154,152,106
Philippines,2020,Asia,2,132,92,146,153,143,106
Philippines,2021,Asia,2,132,92,149,155,162,106
Philippines,2022,Asia,2,132,1,148,154,155,105
Philippines,2023,Asia,2,132,1,146,150,153,106
Philippines,2024,Asia,2,132,1,147,152,154,105
Philippines,2025,Asia,2,132,1,147,152,154,105
Philippines,2026,Asia,2,132,1,147,152,154,105
Poland,2000,Europe,1,24,1,75,84,67,43
Poland,2001,Europe,1,23,1,74,80,67,42
Poland,2002,Europe,1,25,1,74,78,66,43
Poland,2003,Europe,1,23,1,74,78,65,42
Poland,2004,Europe,1,24,1,74,78,65,42
Poland,2005,Europe,1,23,1,73,79,66,43
Poland,2006,Europe,1,28,1,74,81,67,42
Poland,2007,Europe,1,27,1,71,77,67,42
Poland,2008,Europe,1,24,1,70,75,66,42
Poland,2009,Europe,1,30,1,70,77,66,43
Poland,2010,Europe,1,28,1,71,76,65,42
Poland,2011,Europe,1,22,1,71,76,62,42
Poland,2012,Europe,1,29,1,73,78,64,42
Poland,2013,Europe,1,24,1,73,79,65,42
Poland,2014,Europe,1,26,1,71,77,59,42
Poland,2015,Europe,1,30,1,72,80,61,42
Poland,2016,Europe,1,25,1,73,81,59,43
Poland,2017,Europe,1,24,1,72,79,60,43
Poland,2018,Europe,1,24,1,74,78,64,42
Poland,2019,Europe,1,25,1,74,76,62,43
Poland,2020,Europe,1,28,1,73,71,74,43
Poland,2021,Europe,1,24,1,70,69,72,43
Poland,2022,Europe,1,24,1,73,73,71,42
Poland,2023,Europe,1,24,1,70,70,62,42
Poland,2024,Europe,1,22,1,65,63,62,42
Poland,2025,Europe,1,28,1,65,63,62,42
Poland,2026,Europe,1,24,1,65,63,62,42
Portugal,2000,Europe,1,10,19,59,63,43,39
Portugal,2001,Europe,1,8,1,55,60,42,39
Portugal,2002,Europe,1,9,1,55,59,41,41
Portugal,2003,Europe,1,10,1,50,56,42,41
Portugal,2004,Europe,1,10,1,49,55,40,39
Portugal,2005,Europe,1,10,1,51,55,40,41
Portugal,2006,Europe,1,9,1,52,55,40,41
Portugal,2007,Europe,1,7,1,51,56,42,40
Portugal,2008,Europe,1,7,1,50,55,42,41
Portugal,2009,Europe,1,10,1,49,55,43,40
Portugal,2010,Europe,1,8,1,51,56,44,41
Portugal,2011,Europe,1,9,1,49,58,35,40
Portugal,2012,Europe,1,8,1,52,60,38,39
Portugal,2013,Europe,1,12,1,51,59,36,40
Portugal,2014,Europe,1,8,1,49,58,37,41
Portugal,2015,Europe,1,9,1,52,61,34,40
Portugal,2016,Europe,1,13,1,52,60,38,40
Portugal,2017,Europe,1,8,1,50,59,34,41
Portugal,2018,Europe,1,8,1,49,59,36,39
Portugal,2019,Europe,1,13,1,49,60,34,40
Portugal,2020,Europe,1,12,1,46,57,31,41
Portugal,2021,Europe,1,8,1,46,58,29,39
Portugal,2022,Europe,1,8,1,50,59,29,39
Portugal,2023,Europe,1,7,1,46,59,29,39
Portugal,2024,Europe,1,7,1,46,59,29,41
Portugal,2025,Europe,1,8,1,46,59,29,39
Portugal,2026,Europe,1,10,1,46,59,29,40
Puerto Rico (US),2000,South America,1,41,58,51,48,47,48
Puerto Rico (US),2001,South America,1,36,59,48,47,47,48
Puerto Rico (US),2002,South America,1,37,56,44,44,44,49
Puerto Rico (US),2003,South America,1,37,59,47,50,46,48
Puerto Rico (US),2004,South America,1,34,59,47,52,47,51
Puerto Rico (US),2005,South America,1,37,60,50,52,51,47
Puerto Rico (US),2006,South America,1,38,59,50,51,48,48
Puerto Rico (US),2007,South America,1,35,56,53,55,49,50
Puerto Rico (US),2008,South America,1,33,60,53,56,47,50
Puerto Rico (US),2009,South America,1,39,1,46,49,48,48
Puerto Rico (US),2010,South America,1,39,1,48,49,46,48
Puerto Rico (US),2011,South America,1,32,1,50,48,47,49
Puerto Rico (US),2012,South America,1,37,1,44,49,46,47
Puerto Rico (US),2013,South America,1,36,1,44,47,40,49
Puerto Rico (US),2014,South America,1,36,1,44,48,45,48
Puerto Rico (US),2015,South America,1,40,1,40,48,40,48
Puerto Rico (US),2016,South America,1,34,1,42,46,44,48
Puerto Rico (US),2017,South America,1,43,1,45,46,50,49
Puerto Rico (US),2018,South America,1,40,1,42,49,39,48
Puerto Rico (US),2019,South America,1,44,1,43,46,39,49
Puerto Rico (US),2020,South America,1,45,1,43,44,43,49
Puerto Rico (US),2021,South America,1,43,1,43,46,43,49
Puerto Rico (US),2022,South America,1,39,1,45,46,49,47
Puerto Rico (US),2023,South America,1,37,1,43,43,37,48
Puerto Rico (US),2024,South America,1,42,1,43,43,38,48
Puerto Rico (US),2025,South America,1,38,1,43,43,38,48
Puerto Rico (US),2026,South America,1,36,1,43,43,38,47
Qatar,2000,Asia,1,77,80,41,26,50,33
Qatar,2001,Asia,1,77,80,41,27,50,33
Qatar,2002,Asia,1,78,80,38,24,52,34
Qatar,2003,Asia,1,78,81,36,26,52,33
Qatar,2004,Asia,1,77,80,34,19,52,33
Qatar,2005,Asia,1,78,80,18,10,49,33
Qatar,2006,Asia,1,78,81,15,9,50,33
Qatar,2007,Asia,1,79,80,16,11,47,33
Qatar,2008,Asia,1,77,80,13,7,45,34
Qatar,2009,Asia,1,77,80,14,10,42,34
Qatar,2010,Asia,1,78,80,7,7,38,34
Qatar,2011,Asia,1,81,80,9,5,38,33
Qatar,2012,Asia,1,79,81,8,4,36,33
Qatar,2013,Asia,1,78,81,8,5,34,33
Qatar,2014,Asia,1,79,80,7,6,30,34
Qatar,2015,Asia,1,79,81,8,10,26,34
Qatar,2016,Asia,1,77,1,12,14,24,33
Qatar,2017,Asia,1,80,1,11,14,20,33
Qatar,2018,Asia,1,78,1,10,12,18,33
Qatar,2019,Asia,1,77,1,11,14,18,33
Qatar,2020,Asia,1,79,1,26,22,40,33
Qatar,2021,Asia,1,76,1,14,13,32,33
Qatar,2022,Asia,1,79,1,11,10,27,34
Qatar,2023,Asia,1,77,1,12,13,28,33
Qatar,2024,Asia,1,80,1,13,16,27,33
Qatar,2025,Asia,1,80,1,13,16,27,33
Qatar,2026,Asia,1,78,1,13,16,27,34
Romania,2000,Europe,1,47,64,102,121,102,83
Romania,2001,Europe,1,39,64,102,119,105,82
Romania,2002,Europe,1,45,64,99,112,109,81
Romania,2003,Europe,1,45,64,98,109,109,83
Romania,2004,Europe,1,38,64,94,105,108,82
Romania,2005,Europe,1,48,64,90,101,109,82
Romania,2006,Europe,1,48,64,85,96,108,83
Romania,2007,Europe,1,40,64,82,85,107,83
Romania,2008,Europe,1,40,64,79,84,106,80
Romania,2009,Europe,1,43,64,81,86,100,83
Romania,2010,Europe,1,42,64,83,91,101,83
Romania,2011,Europe,1,47,1,81,91,93,83
Romania,2012,Europe,1,46,1,84,96,94,81
Romania,2013,Europe,1,42,1,83,93,90,82
Romania,2014,Europe,1,41,1,80,92,93,83
Romania,2015,Europe,1,44,1,83,92,95,82
Romania,2016,Europe,1,44,1,83,88,93,83
Romania,2017,Europe,1,48,1,82,86,97,83
Romania,2018,Europe,1,45,1,80,82,98,82
Romania,2019,Europe,1,40,1,80,81,97,83
Romania,2020,Europe,1,37,1,79,81,97,81
Romania,2021,Europe,1,46,1,80,80,102,82
Romania,2022,Europe,1,46,1,79,81,97,82
Romania,2023,Europe,1,39,1,77,79,90,82
Romania,2024,Europe,1,47,1,77,76,94,82
Romania,2025,Europe,1,45,1,77,76,94,82
Romania,2026,Europe,1,40,1,77,76,94,80
Russian Federation,2000,Europe,1,135,71,118,119,140,195
Russian Federation,2001,Europe,1,136,71,116,109,142,195
Russian Federation,2002,Europe,1,134,71,115,107,146,196
Russian Federation,2003,Europe,1,133,71,111,104,149,196
Russian Federation,2004,Europe,1,136,71,108,100,148,195
Russian Federation,2005,Europe,1,135,72,105,93,149,196
Russian Federation,2006,Europe,1,134,72,97,85,145,196
Russian Federation,2007,Europe,1,134,71,92,84,144,195
Russian Federation,2008,Europe,1,135,71,88,77,144,195
Russian Federation,2009,Europe,1,134,71,95,85,141,195
Russian Federation,2010,Europe,1,133,71,90,83,142,194
Russian Federation,2011,Europe,1,136,71,82,73,138,194
Russian Federation,2012,Europe,1,134,71,81,71,135,195
Russian Federation,2013,Europe,1,134,1,80,70,134,194
Russian Federation,2014,Europe,1,133,1,84,79,134,194
Russian Federation,2015,Europe,1,135,1,91,90,130,194
Russian Federation,2016,Europe,1,135,1,92,94,127,194
Russian Federation,2017,Europe,1,136,1,87,87,123,194
Russian Federation,2018,Europe,1,134,1,86,88,121,195
Russian Federation,2019,Europe,1,136,1,85,86,117,194
Russian Federation,2020,Europe,1,135,1,89,86,130,194
Russian Federation,2021,Europe,1,137,1,85,86,134,194
Russian Federation,2022,Europe,1,134,1,85,80,129,193
Russian Federation,2023,Europe,1,134,1,87,86,122,194
Russian Federation,2024,Europe,1,137,1,86,86,122,195
Russian Federation,2025,Europe,1,135,1,87,86,122,194
Russian Federation,2026,Europe,1,135,1,90,88,122,194
Rwanda,2000,Africa,4,216,215,187,205,207,211
Rwanda,2001,Africa,4,216,214,188,207,205,211
Rwanda,2002,Africa,4,216,216,192,208,202,212
Rwanda,2003,Africa,4,215,216,195,209,192,211
Rwanda,2004,Africa,4,216,216,197,212,189,212
Rwanda,2005,Africa,4,216,215,198,207,187,212
Rwanda,2006,Africa,4,216,215,198,206,186,212
Rwanda,2007,Africa,4,216,215,199,205,181,211
Rwanda,2008,Africa,4,216,215,199,204,178,211
Rwanda,2009,Africa,4,216,215,199,206,177,212
Rwanda,2010,Africa,4,216,216,197,205,175,211
Rwanda,2011,Africa,4,216,215,197,206,173,212
Rwanda,2012,Africa,4,216,216,196,204,173,211
Rwanda,2013,Africa,4,216,215,197,205,172,212
Rwanda,2014,Africa,4,217,217,197,204,171,212
Rwanda,2015,Africa,4,216,215,195,203,167,210
Rwanda,2016,Africa,4,217,215,195,201,167,211
Rwanda,2017,Africa,4,216,216,196,204,166,211
Rwanda,2018,Africa,4,217,215,194,203,167,210
Rwanda,2019,Africa,4,216,215,194,200,167,210
Rwanda,2020,Africa,4,216,216,194,203,163,210
Rwanda,2021,Africa,4,216,216,196,203,160,211
Rwanda,2022,Africa,4,217,215,195,197,166,210
Rwanda,2023,Africa,4,216,215,194,195,166,210
Rwanda,2024,Africa,4,216,215,196,199,167,209
Rwanda,2025,Africa,4,217,216,196,199,167,210
Rwanda,2026,Africa,4,216,213,196,199,167,209
Samoa,2000,Asia,2,102,120,120,133,106,97
Samoa,2001,Asia,2,103,120,121,131,106,95
Samoa,2002,Asia,2,103,121,120,132,106,95
Samoa,2003,Asia,2,103,120,118,133,106,97
Samoa,2004,Asia,2,104,120,118,131,110,95
Samoa,2005,Asia,2,103,120,117,128,112,96
Samoa,2006,Asia,2,103,120,122,132,112,94
Samoa,2007,Asia,2,104,120,124,133,113,96
Samoa,2008,Asia,2,104,121,127,136,116,95
Samoa,2009,Asia,2,104,120,130,133,133,95
Samoa,2010,Asia,2,102,120,129,134,122,95
Samoa,2011,Asia,2,104,121,133,137,122,94
Samoa,2012,Asia,2,103,120,134,138,126,95
Samoa,2013,Asia,2,104,120,135,137,127,94
Samoa,2014,Asia,2,100,120,134,137,130,95
Samoa,2015,Asia,2,101,121,129,133,131,95
Samoa,2016,Asia,2,104,120,131,131,136,95
Samoa,2017,Asia,2,104,119,130,134,139,95
Samoa,2018,Asia,2,105,120,134,137,140,96
Samoa,2019,Asia,2,102,119,138,138,148,95
Samoa,2020,Asia,2,100,119,133,134,137,95
Samoa,2021,Asia,2,103,119,134,141,125,95
Samoa,2022,Asia,2,104,119,140,145,139,95
Samoa,2023,Asia,2,104,119,135,140,139,95
Samoa,2024,Asia,2,105,119,137,136,139,96
Samoa,2025,Asia,2,102,120,137,136,139,95
Samoa,2026,Asia,2,100,119,137,136,139,96
San Marino,2000,Europe,1,2,1,6,19,5,72
San Marino,2001,Europe,1,2,1,5,16,5,72
San Marino,2002,Europe,1,2,1,5,13,5,73
San Marino,2003,Europe,1,4,1,3,5,5,73
San Marino,2004,Europe,1,2,1,4,5,6,73
San Marino,2005,Europe,1,2,1,3,6,4,74
San Marino,2006,Europe,1,2,1,3,7,5,72
San Marino,2007,Europe,1,2,1,2,9,3,72
San Marino,2008,Europe,1,3,1,2,8,3,74
San Marino,2009,Europe,1,2,1,4,9,3,74
San Marino,2010,Europe,1,2,1,5,14,3,74
San Marino,2011,Europe,1,2,1,7,17,3,74
San Marino,2012,Europe,1,4,1,12,27,3,73
San Marino,2013,Europe,1,4,1,10,24,3,74
San Marino,2014,Europe,1,2,1,9,25,3,72
San Marino,2015,Europe,1,4,1,15,28,2,74
San Marino,2016,Europe,1,3,1,14,25,2,73
San Marino,2017,Europe,1,2,1,14,28,2,72
San Marino,2018,Europe,1,4,1,14,28,2,73
San Marino,2019,Europe,1,2,1,16,29,2,74
San Marino,2020,Europe,1,2,1,23,29,12,74
San Marino,2021,Europe,1,2,1,17,23,7,73
San Marino,2022,Europe,1,4,1,12,25,2,72
San Marino,2023,Europe,1,2,1,9,22,2,73
San Marino,2024,Europe,1,4,1,9,22,2,74
San Marino,2025,Europe,1,2,1,11,22,2,74
San Marino,2026,Europe,1,2,1,11,22,2,74
Sao Tome and Principe,2000,Africa,3,163,184,168,176,165,179
Sao Tome and Principe,2001,Africa,3,166,185,169,176,166,180
Sao Tome and Principe,2002,Africa,3,165,186,166,174,165,180
Sao Tome and Principe,2003,Africa,3,166,183,166,173,167,181
Sao Tome and Principe,2004,Africa,3,166,186,170,175,167,180
Sao Tome and Principe,2005,Africa,3,166,186,168,174,166,181
Sao Tome and Principe,2006,Africa,3,166,184,172,179,167,179
Sao Tome and Principe,2007,Africa,3,166,186,173,183,167,180
Sao Tome and Principe,2008,Africa,3,164,186,174,179,167,180
Sao Tome and Principe,2009,Africa,3,166,184,172,178,168,179
Sao Tome and Principe,2010,Africa,3,166,185,175,185,168,180
Sao Tome and Principe,2011,Africa,3,166,183,175,182,170,180
Sao Tome and Principe,2012,Africa,3,166,184,176,184,170,179
Sao Tome and Principe,2013,Africa,3,166,184,176,177,170,179
Sao Tome and Principe,2014,Africa,3,166,184,173,175,166,180
Sao Tome and Principe,2015,Africa,3,166,182,174,182,163,179
Sao Tome and Principe,2016,Africa,3,166,185,171,177,163,178
Sao Tome and Principe,2017,Africa,3,166,183,173,176,160,179
Sao Tome and Principe,2018,Africa,3,166,184,168,175,157,178
Sao Tome and Principe,2019,Africa,3,166,183,167,174,157,180
Sao Tome and Principe,2020,Africa,3,165,184,163,164,157,179
Sao Tome and Principe,2021,Africa,3,166,185,160,168,152,178
Sao Tome and Principe,2022,Africa,3,166,183,162,166,156,179
Sao Tome and Principe,2023,Africa,3,166,183,160,160,154,178
Sao Tome and Principe,2024,Africa,3,165,185,159,156,155,178
Sao Tome and Principe,2025,Africa,3,166,184,159,156,155,179
Sao Tome and Principe,2026,Africa,3,166,184,159,156,155,179
Saudi Arabia,2000,Asia,1,60,84,63,60,82,20
Saudi Arabia,2001,Asia,1,61,84,63,63,82,18
Saudi Arabia,2002,Asia,1,62,84,63,64,76,19
Saudi Arabia,2003,Asia,1,59,84,64,64,74,19
Saudi Arabia,2004,Asia,1,58,83,64,62,73,19
Saudi Arabia,2005,Asia,1,55,84,60,61,73,20
Saudi Arabia,2006,Asia,1,60,84,61,58,72,19
Saudi Arabia,2007,Asia,1,62,84,63,60,70,20
Saudi Arabia,2008,Asia,1,62,83,61,60,70,19
Saudi Arabia,2009,Asia,1,59,84,63,62,71,20
Saudi Arabia,2010,Asia,1,61,84,60,58,72,19
Saudi Arabia,2011,Asia,1,60,84,57,49,74,20
Saudi Arabia,2012,Asia,1,58,84,55,45,73,19
Saudi Arabia,2013,Asia,1,60,84,55,48,68,19
Saudi Arabia,2014,Asia,1,63,83,55,49,64,20
Saudi Arabia,2015,Asia,1,62,84,55,53,57,20
Saudi Arabia,2016,Asia,1,62,84,56,55,56,19
Saudi Arabia,2017,Asia,1,58,1,55,55,54,19
Saudi Arabia,2018,Asia,1,58,1,51,52,55,18
Saudi Arabia,2019,Asia,1,57,1,52,52,58,19
Saudi Arabia,2020,Asia,1,62,1,56,53,59,19
Saudi Arabia,2021,Asia,1,60,1,50,48,59,19
Saudi Arabia,2022,Asia,1,58,1,49,39,68,20
Saudi Arabia,2023,Asia,1,60,1,50,45,59,19
Saudi Arabia,2024,Asia,1,61,1,50,48,57,18
Saudi Arabia,2025,Asia,1,58,1,50,48,57,20
Saudi Arabia,2026,Asia,1,59,1,50,48,57,19
Senegal,2000,Africa,3,160,153,174,169,179,141
Senegal,2001,Africa,3,159,153,173,168,179,142
Senegal,2002,Africa,3,158,152,170,169,178,141
Senegal,2003,Africa,3,159,152,169,165,174,141
Senegal,2004,Africa,3,158,153,169,167,172,141
Senegal,2005,Africa,3,158,153,167,170,171,140
Senegal,2006,Africa,3,159,152,170,173,171,141
Senegal,2007,Africa,3,159,153,169,170,168,140
Senegal,2008,Africa,3,159,153,167,171,168,140
Senegal,2009,Africa,3,159,152,168,170,167,140
Senegal,2010,Africa,3,158,153,170,175,167,140
Senegal,2011,Africa,3,159,153,169,175,165,141
Senegal,2012,Africa,3,159,153,171,178,163,141
Senegal,2013,Africa,3,159,153,174,178,163,142
Senegal,2014,Africa,3,159,152,175,180,162,140
Senegal,2015,Africa,3,159,153,176,186,161,141
Senegal,2016,Africa,3,159,152,174,183,160,141
Senegal,2017,Africa,3,160,153,177,183,162,141
Senegal,2018,Africa,3,159,153,175,183,160,141
Senegal,2019,Africa,3,159,153,175,181,160,141
Senegal,2020,Africa,3,158,152,173,182,160,139
Senegal,2021,Africa,3,159,153,175,181,159,141
Senegal,2022,Africa,3,159,153,177,182,163,140
Senegal,2023,Africa,3,158,153,175,181,160,142
Senegal,2024,Africa,3,159,152,176,181,161,140
Senegal,2025,Africa,3,160,152,176,181,161,141
Senegal,2026,Africa,3,158,153,176,181,161,141
Serbia,2000,Europe,2,98,92,128,147,95,88
Serbia,2001,Europe,2,96,92,108,121,90,88
Serbia,2002,Europe,2,97,92,103,106,92,88
Serbia,2003,Europe,2,95,91,101,102,92,88
Serbia,2004,Europe,2,95,91,101,104,92,88
Serbia,2005,Europe,2,97,91,103,106,96,88
Serbia,2006,Europe,2,98,91,99,107,89,88
Serbia,2007,Europe,2,98,90,97,101,89,88
Serbia,2008,Europe,2,99,92,95,96,87,88
Serbia,2009,Europe,2,98,91,100,104,89,88
Serbia,2010,Europe,2,99,92,102,109,90,88
Serbia,2011,Europe,2,94,90,99,107,91,88
Serbia,2012,Europe,2,94,91,103,115,91,88
Serbia,2013,Europe,2,99,90,101,110,88,88
Serbia,2014,Europe,2,96,92,100,112,88,88
Serbia,2015,Europe,2,97,90,103,115,90,88
Serbia,2016,Europe,2,96,90,104,109,87,88
Serbia,2017,Europe,2,99,91,106,109,90,88
Serbia,2018,Europe,2,97,90,101,106,88,88
Serbia,2019,Europe,2,98,91,99,104,91,88
Serbia,2020,Europe,2,97,91,96,97,95,88
Serbia,2021,Europe,2,94,91,96,96,103,88
Serbia,2022,Europe,2,99,1,96,100,95,88
Serbia,2023,Europe,2,97,1,93,94,95,88
Serbia,2024,Europe,2,96,1,92,92,100,88
Serbia,2025,Europe,2,97,1,92,91,100,88
Serbia,2026,Europe,2,94,1,92,91,100,88
Seychelles,2000,Africa,1,75,81,67,68,79,46
Seychelles,2001,Africa,1,76,81,66,69,76,44
Seychelles,2002,Africa,1,76,81,70,68,108,44
Seychelles,2003,Africa,1,75,80,72,69,112,44
Seychelles,2004,Africa,1,74,81,69,68,93,44
Seychelles,2005,Africa,1,75,81,70,68,105,44
Seychelles,2006,Africa,1,76,80,71,69,107,44
Seychelles,2007,Africa,1,75,81,74,74,98,44
Seychelles,2008,Africa,1,75,81,78,78,98,44
Seychelles,2009,Africa,1,76,81,79,81,101,44
Seychelles,2010,Africa,1,74,81,79,81,105,44
Seychelles,2011,Africa,1,74,81,80,81,111,44
Seychelles,2012,Africa,1,76,80,79,83,97,44
Seychelles,2013,Africa,1,73,80,79,74,109,44
Seychelles,2014,Africa,1,74,81,79,73,108,44
Seychelles,2015,Africa,1,74,80,75,72,105,45
Seychelles,2016,Africa,1,75,1,74,71,106,44
Seychelles,2017,Africa,1,74,1,75,70,105,44
Seychelles,2018,Africa,1,74,1,78,70,119,44
Seychelles,2019,Africa,1,75,1,77,68,110,45
Seychelles,2020,Africa,1,75,1,75,78,64,44
Seychelles,2021,Africa,1,74,1,77,79,95,44
Seychelles,2022,Africa,1,75,1,78,79,101,44
Seychelles,2023,Africa,1,75,1,78,80,100,44
Seychelles,2024,Africa,1,73,1,78,81,97,45
Seychelles,2025,Africa,1,75,1,78,81,97,44
Seychelles,2026,Africa,1,75,1,78,81,97,45
Sierra Leone,2000,Africa,4,198,214,187,214,217,183
Sierra Leone,2001,Africa,4,197,213,188,192,216,183
Sierra Leone,2002,Africa,4,197,213,192,190,214,182
Sierra Leone,2003,Africa,4,195,213,195,192,214,184
Sierra Leone,2004,Africa,4,195,213,197,198,214,184
Sierra Leone,2005,Africa,4,195,213,198,198,213,184
Sierra Leone,2006,Africa,4,199,214,198,191,212,182
Sierra Leone,2007,Africa,4,196,213,201,194,212,182
Sierra Leone,2008,Africa,4,197,213,205,193,212,183
Sierra Leone,2009,Africa,4,198,213,208,201,211,182
Sierra Leone,2010,Africa,4,198,213,210,200,209,182
Sierra Leone,2011,Africa,4,199,213,212,201,211,182
Sierra Leone,2012,Africa,4,197,213,212,194,211,182
Sierra Leone,2013,Africa,4,198,213,207,192,211,182
Sierra Leone,2014,Africa,4,197,214,208,192,211,182
Sierra Leone,2015,Africa,4,197,213,208,193,210,181
Sierra Leone,2016,Africa,4,198,214,208,196,210,180
Sierra Leone,2017,Africa,4,195,214,209,202,210,182
Sierra Leone,2018,Africa,4,197,214,206,198,208,181
Sierra Leone,2019,Africa,4,196,213,206,199,209,182
Sierra Leone,2020,Africa,4,196,214,207,199,209,182
Sierra Leone,2021,Africa,4,197,213,206,201,203,181
Sierra Leone,2022,Africa,4,195,213,206,204,205,181
Sierra Leone,2023,Africa,4,198,213,208,207,206,181
Sierra Leone,2024,Africa,4,196,214,208,207,206,181
Sierra Leone,2025,Africa,4,197,213,208,207,206,181
Sierra Leone,2026,Africa,4,197,214,208,207,206,181
Singapore,2000,Asia,1,82,33,36,35,26,76
Singapore,2001,Asia,1,80,30,39,39,28,76
Singapore,2002,Asia,1,81,31,35,37,29,75
Singapore,2003,Asia,1,79,33,35,39,23,77
Singapore,2004,Asia,1,81,1,36,37,23,76
Singapore,2005,Asia,1,79,1,35,38,21,77
Singapore,2006,Asia,1,80,1,35,38,21,77
Singapore,2007,Asia,1,81,1,32,36,20,75
Singapore,2008,Asia,1,81,1,33,38,19,77
Singapore,2009,Asia,1,79,1,30,34,18,76
Singapore,2010,Asia,1,79,1,17,24,17,76
Singapore,2011,Asia,1,78,1,16,19,17,77
Singapore,2012,Asia,1,77,1,14,17,14,76
Singapore,2013,Asia,1,79,1,14,17,12,76
Singapore,2014,Asia,1,81,1,15,18,13,77
Singapore,2015,Asia,1,82,1,12,17,9,77
Singapore,2016,Asia,1,79,1,11,16,10,77
Singapore,2017,Asia,1,79,1,10,15,10,77
Singapore,2018,Asia,1,79,1,9,15,10,76
Singapore,2019,Asia,1,78,1,10,15,10,77
Singapore,2020,Asia,1,78,1,8,14,5,77
Singapore,2021,Asia,1,77,1,5,10,13,77
Singapore,2022,Asia,1,78,1,6,9,15,76
Singapore,2023,Asia,1,78,1,6,10,19,77
Singapore,2024,Asia,1,82,1,5,8,15,76
Singapore,2025,Asia,1,81,1,5,8,15,76
Singapore,2026,Asia,1,79,1,5,8,15,77
Sint Maarten (Dutch part),2000,South America,1,7,49,20,5,61,19
Sint Maarten (Dutch part),2001,South America,1,7,46,20,5,62,20
Sint Maarten (Dutch part),2002,South America,1,7,48,19,5,65,20
Sint Maarten (Dutch part),2003,South America,1,8,46,23,8,66,18
Sint Maarten (Dutch part),2004,South America,1,7,48,32,9,69,20
Sint Maarten (Dutch part),2005,South America,1,7,48,36,11,72,18
Sint Maarten (Dutch part),2006,South America,1,5,45,40,13,71,20
Sint Maarten (Dutch part),2007,South America,1,8,1,41,16,72,19
Sint Maarten (Dutch part),2008,South America,1,8,1,42,18,74,20
Sint Maarten (Dutch part),2009,South America,1,6,1,55,50,79,18
Sint Maarten (Dutch part),2010,South America,1,6,1,56,50,83,20
Sint Maarten (Dutch part),2011,South America,1,7,1,59,47,83,19
Sint Maarten (Dutch part),2012,South America,1,6,1,57,48,84,20
Sint Maarten (Dutch part),2013,South America,1,6,1,57,45,86,20
Sint Maarten (Dutch part),2014,South America,1,7,1,52,41,84,19
Sint Maarten (Dutch part),2015,South America,1,6,1,45,35,84,19
Sint Maarten (Dutch part),2016,South America,1,7,1,48,37,85,20
Sint Maarten (Dutch part),2017,South America,1,7,1,53,40,92,20
Sint Maarten (Dutch part),2018,South America,1,7,1,58,46,91,20
Sint Maarten (Dutch part),2019,South America,1,6,1,54,40,96,20
Sint Maarten (Dutch part),2020,South America,1,7,1,57,45,91,20
Sint Maarten (Dutch part),2021,South America,1,6,1,58,47,80,20
Sint Maarten (Dutch part),2022,South America,1,7,1,52,40,85,19
Sint Maarten (Dutch part),2023,South America,1,8,1,55,40,91,20
Sint Maarten (Dutch part),2024,South America,1,6,1,55,40,91,20
Sint Maarten (Dutch part),2025,South America,1,7,1,55,40,91,19
Sint Maarten (Dutch part),2026,South America,1,7,1,55,40,91,20
Slovak Republic,2000,Europe,1,3,41,80,92,73,14
Slovak Republic,2001,Europe,1,4,42,80,90,74,15
Slovak Republic,2002,Europe,1,5,41,77,81,73,14
Slovak Republic,2003,Europe,1,3,41,75,76,76,15
Slovak Republic,2004,Europe,1,4,39,72,75,75,13
Slovak Republic,2005,Europe,1,3,1,72,74,78,13
Slovak Republic,2006,Europe,1,3,1,70,73,76,14
Slovak Republic,2007,Europe,1,3,1,69,70,79,15
Slovak Republic,2008,Europe,1,2,1,66,67,79,15
Slovak Republic,2009,Europe,1,3,1,66,63,75,15
Slovak Republic,2010,Europe,1,4,1,67,64,78,15
Slovak Republic,2011,Europe,1,3,1,65,65,72,15
Slovak Republic,2012,Europe,1,2,1,66,67,72,15
Slovak Republic,2013,Europe,1,2,1,67,68,72,14
Slovak Republic,2014,Europe,1,4,1,66,67,69,14
Slovak Republic,2015,Europe,1,3,1,70,69,72,14
Slovak Republic,2016,Europe,1,2,1,68,70,68,13
Slovak Republic,2017,Europe,1,3,1,67,68,69,14
Slovak Republic,2018,Europe,1,2,1,66,66,71,14
Slovak Republic,2019,Europe,1,4,1,64,64,66,15
Slovak Republic,2020,Europe,1,3,1,61,61,70,14
Slovak Republic,2021,Europe,1,4,1,67,60,77,13
Slovak Republic,2022,Europe,1,3,1,67,64,74,13
Slovak Republic,2023,Europe,1,3,1,65,61,64,14
Slovak Republic,2024,Europe,1,2,1,63,62,63,15
Slovak Republic,2025,Europe,1,4,1,63,62,63,14
Slovak Republic,2026,Europe,1,4,1,63,62,63,15
Slovenia,2000,Europe,1,55,56,62,65,48,25
Slovenia,2001,Europe,1,51,58,62,64,48,25
Slovenia,2002,Europe,1,55,55,59,62,48,25
Slovenia,2003,Europe,1,51,56,57,58,47,25
Slovenia,2004,Europe,1,56,55,56,57,46,25
Slovenia,2005,Europe,1,54,57,55,56,43,25
Slovenia,2006,Europe,1,56,57,53,56,43,25
Slovenia,2007,Europe,1,55,58,49,54,40,25
Slovenia,2008,Europe,1,52,56,47,52,40,25
Slovenia,2009,Europe,1,50,1,45,53,40,25
Slovenia,2010,Europe,1,57,1,49,54,39,25
Slovenia,2011,Europe,1,54,1,48,56,39,25
Slovenia,2012,Europe,1,56,1,50,56,39,25
Slovenia,2013,Europe,1,52,1,50,56,39,25
Slovenia,2014,Europe,1,51,1,48,55,39,25
Slovenia,2015,Europe,1,54,1,51,56,38,25
Slovenia,2016,Europe,1,54,1,49,57,36,25
Slovenia,2017,Europe,1,57,1,46,56,38,25
Slovenia,2018,Europe,1,56,1,45,56,35,25
Slovenia,2019,Europe,1,58,1,45,55,36,25
Slovenia,2020,Europe,1,56,1,44,50,39,25
Slovenia,2021,Europe,1,51,1,44,52,34,25
Slovenia,2022,Europe,1,59,1,46,55,33,25
Slovenia,2023,Europe,1,55,1,45,54,31,25
Slovenia,2024,Europe,1,51,1,45,50,32,25
Slovenia,2025,Europe,1,57,1,45,50,32,25
Slovenia,2026,Europe,1,52,1,45,50,32,25
Solomon Islands,2000,Asia,3,147,180,150,149,134,149
Solomon Islands,2001,Asia,3,147,179,153,150,135,149
Solomon Islands,2002,Asia,3,147,179,155,164,137,149
Solomon Islands,2003,Asia,3,147,180,155,161,138,149
Solomon Islands,2004,Asia,3,148,179,155,162,137,149
Solomon Islands,2005,Asia,3,146,179,155,159,137,149
Solomon Islands,2006,Asia,3,147,179,156,160,137,149
Solomon Islands,2007,Asia,3,146,178,157,162,142,149
Solomon Islands,2008,Asia,3,147,179,157,166,141,149
Solomon Islands,2009,Asia,3,147,179,157,162,143,149
Solomon Islands,2010,Asia,3,146,178,158,163,144,149
Solomon Islands,2011,Asia,3,145,178,158,165,147,149
Solomon Islands,2012,Asia,3,148,178,157,163,147,149
Solomon Islands,2013,Asia,3,146,178,159,163,149,149
Solomon Islands,2014,Asia,3,146,178,159,164,152,149
Solomon Islands,2015,Asia,3,149,178,158,166,151,149
Solomon Islands,2016,Asia,3,147,178,158,164,149,149
Solomon Islands,2017,Asia,3,148,178,160,166,150,149
Solomon Islands,2018,Asia,3,147,178,160,163,150,149
Solomon Islands,2019,Asia,3,147,179,161,165,151,149
Solomon Islands,2020,Asia,3,145,178,162,167,150,149
Solomon Islands,2021,Asia,3,147,177,161,175,148,149
Solomon Islands,2022,Asia,3,146,177,166,177,150,149
Solomon Islands,2023,Asia,3,145,177,167,177,149,149
Solomon Islands,2024,Asia,3,147,177,166,177,149,149
Solomon Islands,2025,Asia,3,147,178,166,177,149,149
Solomon Islands,2026,Asia,3,145,177,166,177,149,149
"Somalia, Fed. Rep.",2000,Africa,4,201,201,187,190,199,181
"Somalia, Fed. Rep.",2001,Africa,4,201,201,188,204,201,182
"Somalia, Fed. Rep.",2002,Africa,4,201,201,192,209,204,181
"Somalia, Fed. Rep.",2003,Africa,4,201,201,195,205,207,182
"Somalia, Fed. Rep.",2004,Africa,4,201,201,197,204,209,182
"Somalia, Fed. Rep.",2005,Africa,4,201,201,198,201,210,182
"Somalia, Fed. Rep.",2006,Africa,4,201,201,198,197,210,181
"Somalia, Fed. Rep.",2007,Africa,4,200,201,201,203,210,181
"Somalia, Fed. Rep.",2008,Africa,4,201,201,205,206,210,181
"Somalia, Fed. Rep.",2009,Africa,4,201,201,208,216,210,181
"Somalia, Fed. Rep.",2010,Africa,4,201,201,210,216,213,181
"Somalia, Fed. Rep.",2011,Africa,4,201,201,212,216,217,181
"Somalia, Fed. Rep.",2012,Africa,4,202,201,214,216,216,181
"Somalia, Fed. Rep.",2013,Africa,4,201,201,214,215,212,181
"Somalia, Fed. Rep.",2014,Africa,4,201,201,214,215,210,181
"Somalia, Fed. Rep.",2015,Africa,4,201,201,214,214,211,180
"Somalia, Fed. Rep.",2016,Africa,4,201,201,213,211,212,181
"Somalia, Fed. Rep.",2017,Africa,4,201,201,214,211,214,181
"Somalia, Fed. Rep.",2018,Africa,4,201,201,215,213,212,180
"Somalia, Fed. Rep.",2019,Africa,4,200,201,215,211,213,181
"Somalia, Fed. Rep.",2020,Africa,4,201,201,215,211,213,180
"Somalia, Fed. Rep.",2021,Africa,4,201,201,215,212,213,180
"Somalia, Fed. Rep.",2022,Africa,4,201,201,216,213,216,180
"Somalia, Fed. Rep.",2023,Africa,4,201,201,215,213,212,180
"Somalia, Fed. Rep.",2024,Africa,4,201,201,215,212,212,180
"Somalia, Fed. Rep.",2025,Africa,4,201,201,215,212,212,180
"Somalia, Fed. Rep.",2026,Africa,4,201,201,215,212,212,180
South Africa,2000,Africa,2,150,136,132,100,173,133
South Africa,2001,Africa,2,153,136,142,102,182,131
South Africa,2002,Africa,2,152,136,145,102,186,133
South Africa,2003,Africa,2,154,138,141,95,190,133
South Africa,2004,Africa,2,152,138,140,88,193,132
South Africa,2005,Africa,2,153,138,142,87,198,132
South Africa,2006,Africa,2,153,138,146,90,200,132
South Africa,2007,Africa,2,152,138,145,95,199,132
South Africa,2008,Africa,2,155,138,150,105,196,131
South Africa,2009,Africa,2,155,138,143,105,193,132
South Africa,2010,Africa,2,155,138,138,96,190,131
South Africa,2011,Africa,2,150,138,138,95,187,132
South Africa,2012,Africa,2,155,137,139,101,183,133
South Africa,2013,Africa,2,155,137,142,106,182,131
South Africa,2014,Africa,2,156,138,141,113,180,132
South Africa,2015,Africa,2,155,138,141,111,176,131
South Africa,2016,Africa,2,151,139,141,116,175,132
South Africa,2017,Africa,2,152,138,139,108,174,133
South Africa,2018,Africa,2,156,138,135,110,176,133
South Africa,2019,Africa,2,154,138,139,113,174,131
South Africa,2020,Africa,2,151,138,144,115,179,131
South Africa,2021,Africa,2,151,139,147,112,191,131
South Africa,2022,Africa,2,150,138,143,119,183,132
South Africa,2023,Africa,2,153,138,144,124,182,132
South Africa,2024,Africa,2,151,138,145,128,183,132
South Africa,2025,Africa,2,152,138,145,128,183,131
South Africa,2026,Africa,2,151,139,145,128,183,131
South Sudan,2000,Africa,4,205,216,187,154,210,206
South Sudan,2001,Africa,4,205,215,188,151,206,205
South Sudan,2002,Africa,4,206,215,192,155,207,205
South Sudan,2003,Africa,4,205,214,192,159,199,204
South Sudan,2004,Africa,4,206,215,194,165,199,205
South Sudan,2005,Africa,4,205,217,193,168,197,206
South Sudan,2006,Africa,4,205,216,195,171,196,204
South Sudan,2007,Africa,4,205,216,195,172,195,205
South Sudan,2008,Africa,4,204,216,191,161,194,206
South Sudan,2009,Africa,4,204,216,193,168,195,205
South Sudan,2010,Africa,4,205,215,192,169,194,205
South Sudan,2011,Africa,4,205,216,193,173,198,204
South Sudan,2012,Africa,4,204,215,198,189,199,204
South Sudan,2013,Africa,4,205,217,194,172,203,205
South Sudan,2014,Africa,4,206,215,214,188,216,205
South Sudan,2015,Africa,4,205,216,214,190,217,205
South Sudan,2016,Africa,4,204,216,213,186,217,205
South Sudan,2017,Africa,4,205,215,214,187,217,204
South Sudan,2018,Africa,4,204,216,212,187,217,204
South Sudan,2019,Africa,4,205,216,202,187,212,205
South Sudan,2020,Africa,4,205,215,201,184,212,205
South Sudan,2021,Africa,4,205,214,203,185,212,205
South Sudan,2022,Africa,4,204,216,204,188,212,205
South Sudan,2023,Africa,4,206,217,204,185,213,204
South Sudan,2024,Africa,4,207,217,203,185,214,204
South Sudan,2025,Africa,4,203,215,203,186,214,204
South Sudan,2026,Africa,4,204,216,203,186,214,204
Spain,2000,Europe,1,73,54,44,53,16,34
Spain,2001,Europe,1,74,56,42,51,15,34
Spain,2002,Europe,1,73,58,39,48,14,33
Spain,2003,Europe,1,74,55,37,44,17,34
Spain,2004,Europe,1,75,56,39,42,18,34
Spain,2005,Europe,1,73,55,40,43,15,34
Spain,2006,Europe,1,74,56,39,43,14,34
Spain,2007,Europe,1,74,55,36,42,16,34
Spain,2008,Europe,1,76,55,35,42,15,33
Spain,2009,Europe,1,74,1,37,40,14,33
Spain,2010,Europe,1,75,1,39,45,15,33
Spain,2011,Europe,1,75,1,36,44,7,34
Spain,2012,Europe,1,74,1,39,47,10,34
Spain,2013,Europe,1,76,1,39,44,6,34
Spain,2014,Europe,1,71,1,38,46,6,33
Spain,2015,Europe,1,75,1,39,50,8,33
Spain,2016,Europe,1,73,1,39,49,7,34
Spain,2017,Europe,1,75,1,39,51,9,34
Spain,2018,Europe,1,76,1,39,50,8,34
Spain,2019,Europe,1,74,1,39,51,9,34
Spain,2020,Europe,1,74,1,41,47,19,34
Spain,2021,Europe,1,75,1,40,50,10,34
Spain,2022,Europe,1,73,1,42,54,11,33
Spain,2023,Europe,1,76,1,40,52,9,34
Spain,2024,Europe,1,75,1,38,49,12,34
Spain,2025,Europe,1,74,1,38,49,12,34
Spain,2026,Europe,1,74,1,38,49,12,33
Sri Lanka,2000,Asia,2,119,100,134,152,101,91
Sri Lanka,2001,Asia,2,115,99,131,155,93,90
Sri Lanka,2002,Asia,2,114,99,130,159,93,90
Sri Lanka,2003,Asia,2,119,99,131,158,91,91
Sri Lanka,2004,Asia,2,118,99,144,160,135,93
Sri Lanka,2005,Asia,2,116,99,132,155,92,90
Sri Lanka,2006,Asia,2,118,99,134,156,98,91
Sri Lanka,2007,Asia,2,117,100,135,156,99,90
Sri Lanka,2008,Asia,2,114,99,137,155,107,91
Sri Lanka,2009,Asia,2,115,99,139,153,127,90
Sri Lanka,2010,Asia,2,117,99,126,148,87,92
Sri Lanka,2011,Asia,2,118,100,126,148,88,90
Sri Lanka,2012,Asia,2,116,99,126,147,83,91
Sri Lanka,2013,Asia,2,118,99,121,140,83,90
Sri Lanka,2014,Asia,2,114,99,119,138,83,92
Sri Lanka,2015,Asia,2,117,99,116,134,82,91
Sri Lanka,2016,Asia,2,115,99,113,130,81,91
Sri Lanka,2017,Asia,2,118,99,113,131,80,90
Sri Lanka,2018,Asia,2,113,99,116,134,84,90
Sri Lanka,2019,Asia,2,117,100,117,143,80,91
Sri Lanka,2020,Asia,2,115,99,111,140,68,92
Sri Lanka,2021,Asia,2,115,99,113,143,66,93
Sri Lanka,2022,Asia,2,114,99,127,156,69,91
Sri Lanka,2023,Asia,2,118,1,123,148,77,91
Sri Lanka,2024,Asia,2,116,1,120,143,78,91
Sri Lanka,2025,Asia,2,116,1,120,143,78,92
Sri Lanka,2026,Asia,2,116,1,120,143,78,91
St. Kitts and Nevis,2000,South America,1,39,50,71,67,121,56
St. Kitts and Nevis,2001,South America,1,40,50,71,66,120,56
St. Kitts and Nevis,2002,South America,1,39,51,68,65,120,56
St. Kitts and Nevis,2003,South America,1,42,52,69,66,118,56
St. Kitts and Nevis,2004,South America,1,37,52,71,67,117,56
St. Kitts and Nevis,2005,South America,1,42,51,74,69,117,56
St. Kitts and Nevis,2006,South America,1,39,49,72,68,115,56
St. Kitts and Nevis,2007,South America,1,44,1,75,69,115,56
St. Kitts and Nevis,2008,South America,1,45,1,74,69,118,56
St. Kitts and Nevis,2009,South America,1,44,1,73,64,117,56
St. Kitts and Nevis,2010,South America,1,40,1,75,66,121,56
St. Kitts and Nevis,2011,South America,1,46,1,75,66,121,56
St. Kitts and Nevis,2012,South America,1,36,1,77,66,124,56
St. Kitts and Nevis,2013,South America,1,40,1,78,66,125,56
St. Kitts and Nevis,2014,South America,1,45,1,78,64,127,56
St. Kitts and Nevis,2015,South America,1,41,1,76,58,129,56
St. Kitts and Nevis,2016,South America,1,38,1,76,58,130,56
St. Kitts and Nevis,2017,South America,1,44,1,77,57,133,56
St. Kitts and Nevis,2018,South America,1,36,1,77,60,138,56
St. Kitts and Nevis,2019,South America,1,39,1,78,59,134,56
St. Kitts and Nevis,2020,South America,1,36,1,78,64,134,56
St. Kitts and Nevis,2021,South America,1,38,1,82,70,141,56
St. Kitts and Nevis,2022,South America,1,37,1,82,65,151,56
St. Kitts and Nevis,2023,South America,1,41,1,80,67,133,56
St. Kitts and Nevis,2024,South America,1,41,1,81,68,136,56
St. Kitts and Nevis,2025,South America,1,40,1,81,68,136,56
St. Kitts and Nevis,2026,South America,1,45,1,82,68,136,56
St. Lucia,2000,South America,2,111,111,84,76,107,122
St. Lucia,2001,South America,2,112,112,86,76,101,122
St. Lucia,2002,South America,2,117,111,85,75,102,122
St. Lucia,2003,South America,2,114,111,84,77,95,123
St. Lucia,2004,South America,2,113,111,83,79,98,122
St. Lucia,2005,South America,2,112,111,87,84,101,122
St. Lucia,2006,South America,2,110,111,87,84,100,122
St. Lucia,2007,South America,2,115,111,90,88,101,122
St. Lucia,2008,South America,2,111,111,94,90,102,122
St. Lucia,2009,South America,2,112,111,92,88,104,122
St. Lucia,2010,South America,2,112,111,95,90,110,122
St. Lucia,2011,South America,2,113,111,96,94,108,122
St. Lucia,2012,South America,2,113,111,98,95,111,122
St. Lucia,2013,South America,2,113,111,99,92,115,123
St. Lucia,2014,South America,2,112,111,98,91,117,122
St. Lucia,2015,South America,2,112,111,95,84,114,122
St. Lucia,2016,South America,2,113,111,95,84,120,122
St. Lucia,2017,South America,2,111,112,96,83,122,122
St. Lucia,2018,South America,2,114,111,97,85,123,122
St. Lucia,2019,South America,2,111,112,98,83,126,122
St. Lucia,2020,South America,2,113,112,99,94,119,122
St. Lucia,2021,South America,2,113,111,103,89,143,122
St. Lucia,2022,South America,2,115,111,97,88,125,122
St. Lucia,2023,South America,2,115,111,100,88,127,122
St. Lucia,2024,South America,2,113,111,100,87,127,122
St. Lucia,2025,South America,2,114,111,100,87,127,122
St. Lucia,2026,South America,2,115,111,100,86,127,122
St. Martin (French part),2000,South America,1,83,51,10,5,37,29
St. Martin (French part),2001,South America,1,83,49,11,5,40,28
St. Martin (French part),2002,South America,1,84,50,11,5,40,28
St. Martin (French part),2003,South America,1,84,48,13,8,40,27
St. Martin (French part),2004,South America,1,83,50,15,9,42,27
St. Martin (French part),2005,South America,1,84,47,16,11,42,28
St. Martin (French part),2006,South America,1,83,50,21,13,44,28
St. Martin (French part),2007,South America,1,83,1,28,16,44,28
St. Martin (French part),2008,South America,1,83,1,30,18,44,27
St. Martin (French part),2009,South America,1,83,1,25,13,45,28
St. Martin (French part),2010,South America,1,83,1,25,11,45,28
St. Martin (French part),2011,South America,1,83,1,55,61,46,28
St. Martin (French part),2012,South America,1,83,1,54,58,45,27
St. Martin (French part),2013,South America,1,84,1,53,58,47,26
St. Martin (French part),2014,South America,1,83,1,57,61,46,27
St. Martin (French part),2015,South America,1,83,1,53,55,47,28
St. Martin (French part),2016,South America,1,83,1,53,56,47,28
St. Martin (French part),2017,South America,1,84,1,57,58,53,29
St. Martin (French part),2018,South America,1,83,1,55,61,48,29
St. Martin (French part),2019,South America,1,84,1,60,69,48,28
St. Martin (French part),2020,South America,1,83,1,54,62,42,28
St. Martin (French part),2021,South America,1,83,1,52,61,40,27
St. Martin (French part),2022,South America,1,83,1,57,63,47,29
St. Martin (French part),2023,South America,1,83,1,59,66,51,28
St. Martin (French part),2024,South America,1,83,1,58,71,51,29
St. Martin (French part),2025,South America,1,83,1,58,71,51,28
St. Martin (French part),2026,South America,1,83,1,58,71,51,27
St. Vincent and the Grenadines,2000,South America,2,93,97,97,94,112,131
St. Vincent and the Grenadines,2001,South America,2,97,97,94,86,113,130
St. Vincent and the Grenadines,2002,South America,2,100,97,93,83,116,130
St. Vincent and the Grenadines,2003,South America,2,98,96,97,89,120,131
St. Vincent and the Grenadines,2004,South America,2,97,97,99,93,120,130
St. Vincent and the Grenadines,2005,South America,2,96,96,100,96,122,131
St. Vincent and the Grenadines,2006,South America,2,94,97,102,97,125,131
St. Vincent and the Grenadines,2007,South America,2,96,97,105,98,125,130
St. Vincent and the Grenadines,2008,South America,2,98,97,107,102,125,132
St. Vincent and the Grenadines,2009,South America,2,96,96,106,103,123,130
St. Vincent and the Grenadines,2010,South America,2,98,96,112,104,127,130
St. Vincent and the Grenadines,2011,South America,2,97,97,116,109,128,130
St. Vincent and the Grenadines,2012,South America,2,98,97,117,108,131,130
St. Vincent and the Grenadines,2013,South America,2,95,97,118,109,141,130
St. Vincent and the Grenadines,2014,South America,2,95,96,116,107,139,130
St. Vincent and the Grenadines,2015,South America,2,99,97,115,102,140,130
St. Vincent and the Grenadines,2016,South America,2,99,96,112,99,140,130
St. Vincent and the Grenadines,2017,South America,2,96,97,110,101,137,130
St. Vincent and the Grenadines,2018,South America,2,99,96,112,102,141,130
St. Vincent and the Grenadines,2019,South America,2,97,97,111,102,142,130
St. Vincent and the Grenadines,2020,South America,2,98,97,109,96,149,130
St. Vincent and the Grenadines,2021,South America,2,100,96,111,100,142,130
St. Vincent and the Grenadines,2022,South America,2,94,1,111,101,145,131
St. Vincent and the Grenadines,2023,South America,2,98,1,112,101,143,131
St. Vincent and the Grenadines,2024,South America,2,99,1,112,100,143,130
St. Vincent and the Grenadines,2025,South America,2,96,1,112,100,143,130
St. Vincent and the Grenadines,2026,South America,2,95,1,112,100,143,130
Sudan,2000,Africa,4,199,204,187,192,171,196
Sudan,2001,Africa,4,199,204,186,183,172,196
Sudan,2002,Africa,4,199,204,188,180,173,195
Sudan,2003,Africa,4,200,204,189,176,179,195
Sudan,2004,Africa,4,199,204,193,176,186,196
Sudan,2005,Africa,4,200,204,189,171,186,195
Sudan,2006,Africa,4,197,204,181,168,177,195
Sudan,2007,Africa,4,199,204,179,160,176,196
Sudan,2008,Africa,4,199,204,181,165,176,196
Sudan,2009,Africa,4,200,204,185,174,174,194
Sudan,2010,Africa,4,199,204,185,174,174,195
Sudan,2011,Africa,4,198,204,188,177,175,195
Sudan,2012,Africa,4,200,204,192,192,176,194
Sudan,2013,Africa,4,199,204,193,191,176,195
Sudan,2014,Africa,4,199,204,190,185,176,195
Sudan,2015,Africa,4,199,204,190,184,175,195
Sudan,2016,Africa,4,199,204,190,188,177,195
Sudan,2017,Africa,4,199,204,192,192,177,195
Sudan,2018,Africa,4,199,204,197,205,177,194
Sudan,2019,Africa,4,199,204,198,206,178,195
Sudan,2020,Africa,4,200,204,202,209,180,195
Sudan,2021,Africa,4,200,204,200,205,176,195
Sudan,2022,Africa,4,200,204,198,195,180,194
Sudan,2023,Africa,4,199,204,200,206,181,195
Sudan,2024,Africa,4,199,204,198,202,182,194
Sudan,2025,Africa,4,199,204,198,202,182,195
Sudan,2026,Africa,4,200,204,198,202,182,193
Suriname,2000,South America,2,140,140,130,113,148,138
Suriname,2001,South America,2,142,140,130,125,147,137
Suriname,2002,South America,2,141,140,124,110,145,137
Suriname,2003,South America,2,141,140,124,113,145,138
Suriname,2004,South America,2,142,140,125,113,143,138
Suriname,2005,South America,2,142,140,122,113,143,138
Suriname,2006,South America,2,141,140,115,104,142,138
Suriname,2007,South America,2,140,140,116,106,138,138
Suriname,2008,South America,2,139,140,112,103,136,136
Suriname,2009,South America,2,140,140,109,95,136,138
Suriname,2010,South America,2,142,140,109,97,136,137
Suriname,2011,South America,2,138,141,111,97,136,138
Suriname,2012,South America,2,142,140,110,97,138,137
Suriname,2013,South America,2,141,140,112,95,139,137
Suriname,2014,South America,2,139,140,112,95,140,138
Suriname,2015,South America,2,142,141,106,94,138,138
Suriname,2016,South America,2,142,140,121,117,137,137
Suriname,2017,South America,2,140,140,120,116,135,138
Suriname,2018,South America,2,141,140,119,113,133,138
Suriname,2019,South America,2,142,140,121,112,130,137
Suriname,2020,South America,2,140,140,123,124,118,137
Suriname,2021,South America,2,141,140,133,125,147,137
Suriname,2022,South America,2,139,141,121,124,119,138
Suriname,2023,South America,2,138,140,124,131,117,138
Suriname,2024,South America,2,140,140,119,122,118,137
Suriname,2025,South America,2,139,140,119,122,118,138
Suriname,2026,South America,2,140,140,119,122,118,137
Sweden,2000,Europe,1,17,42,14,24,11,67
Sweden,2001,Europe,1,14,41,22,25,11,67
Sweden,2002,Europe,1,12,42,14,21,12,67
Sweden,2003,Europe,1,17,42,14,18,11,67
Sweden,2004,Europe,1,12,42,13,17,12,67
Sweden,2005,Europe,1,13,42,13,19,14,67
Sweden,2006,Europe,1,17,1,13,18,16,67
Sweden,2007,Europe,1,18,1,13,15,15,67
Sweden,2008,Europe,1,14,1,14,16,16,67
Sweden,2009,Europe,1,14,1,15,22,17,67
Sweden,2010,Europe,1,13,1,15,17,18,67
Sweden,2011,Europe,1,11,1,12,14,15,67
Sweden,2012,Europe,1,16,1,13,16,17,67
Sweden,2013,Europe,1,10,1,13,15,17,67
Sweden,2014,Europe,1,14,1,14,17,15,67
Sweden,2015,Europe,1,16,1,18,21,19,67
Sweden,2016,Europe,1,12,1,17,20,19,67
Sweden,2017,Europe,1,14,1,18,21,21,67
Sweden,2018,Europe,1,15,1,18,22,21,67
Sweden,2019,Europe,1,18,1,18,23,16,67
Sweden,2020,Europe,1,17,1,17,20,17,67
Sweden,2021,Europe,1,14,1,13,20,14,67
Sweden,2022,Europe,1,15,1,17,24,13,67
Sweden,2023,Europe,1,17,1,21,26,14,67
Sweden,2024,Europe,1,10,1,18,25,9,67
Sweden,2025,Europe,1,12,1,18,25,9,67
Sweden,2026,Europe,1,12,1,17,25,9,67
Switzerland,2000,Europe,1,34,20,9,17,9,21
Switzerland,2001,Europe,1,29,1,6,15,9,23
Switzerland,2002,Europe,1,32,1,6,11,9,21
Switzerland,2003,Europe,1,33,1,6,7,9,24
Switzerland,2004,Europe,1,35,1,6,8,7,21
Switzerland,2005,Europe,1,35,1,8,9,8,21
Switzerland,2006,Europe,1,33,1,6,10,7,22
Switzerland,2007,Europe,1,30,1,5,10,6,22
Switzerland,2008,Europe,1,39,1,4,10,8,23
Switzerland,2009,Europe,1,34,1,2,7,7,21
Switzerland,2010,Europe,1,35,1,2,6,7,21
Switzerland,2011,Europe,1,38,1,2,7,5,21
Switzerland,2012,Europe,1,38,1,2,7,7,22
Switzerland,2013,Europe,1,35,1,2,7,7,24
Switzerland,2014,Europe,1,38,1,2,8,7,22
Switzerland,2015,Europe,1,36,1,2,5,7,21
Switzerland,2016,Europe,1,37,1,2,5,6,23
Switzerland,2017,Europe,1,34,1,3,5,7,23
Switzerland,2018,Europe,1,35,1,2,6,6,21
Switzerland,2019,Europe,1,36,1,4,7,8,21
Switzerland,2020,Europe,1,29,1,2,5,11,24
Switzerland,2021,Europe,1,33,1,3,6,5,21
Switzerland,2022,Europe,1,33,1,3,7,8,23
Switzerland,2023,Europe,1,33,1,3,6,5,22
Switzerland,2024,Europe,1,36,1,2,6,5,24
Switzerland,2025,Europe,1,36,1,2,6,5,21
Switzerland,2026,Europe,1,34,1,2,6,5,22
Syrian Arab Republic,2000,Asia,4,206,209,149,141,105,198
Syrian Arab Republic,2001,Asia,4,206,210,147,142,102,198
Syrian Arab Republic,2002,Asia,4,205,210,149,140,101,198
Syrian Arab Republic,2003,Asia,4,204,208,149,142,95,198
Syrian Arab Republic,2004,Asia,4,203,208,151,144,97,198
Syrian Arab Republic,2005,Asia,4,203,208,151,149,97,198
Syrian Arab Republic,2006,Asia,4,206,207,151,149,95,198
Syrian Arab Republic,2007,Asia,4,206,210,152,149,96,198
Syrian Arab Republic,2008,Asia,4,205,209,152,148,97,198
Syrian Arab Republic,2009,Asia,4,205,208,151,148,96,198
Syrian Arab Republic,2010,Asia,4,207,210,151,150,98,198
Syrian Arab Republic,2011,Asia,4,206,209,155,151,115,198
Syrian Arab Republic,2012,Asia,4,206,209,172,164,158,197
Syrian Arab Republic,2013,Asia,4,207,210,191,194,166,197
Syrian Arab Republic,2014,Asia,4,205,209,192,195,165,197
Syrian Arab Republic,2015,Asia,4,206,208,197,198,182,198
Syrian Arab Republic,2016,Asia,4,206,207,197,206,173,197
Syrian Arab Republic,2017,Asia,4,206,210,193,196,173,198
Syrian Arab Republic,2018,Asia,4,206,210,189,191,161,197
Syrian Arab Republic,2019,Asia,4,206,208,186,190,143,197
Syrian Arab Republic,2020,Asia,4,206,210,191,208,123,198
Syrian Arab Republic,2021,Asia,4,206,210,188,207,108,197
Syrian Arab Republic,2022,Asia,4,205,209,187,193,121,197
Syrian Arab Republic,2023,Asia,4,205,210,189,194,135,197
Syrian Arab Republic,2024,Asia,4,204,208,188,194,130,197
Syrian Arab Republic,2025,Asia,4,206,210,188,194,130,197
Syrian Arab Republic,2026,Asia,4,206,208,188,194,130,196
Tajikistan,2000,Europe,3,156,159,187,215,152,189
Tajikistan,2001,Europe,3,156,158,185,212,151,189
Tajikistan,2002,Europe,3,154,159,182,212,149,189
Tajikistan,2003,Europe,3,155,158,181,212,143,189
Tajikistan,2004,Europe,3,156,158,177,205,142,189
Tajikistan,2005,Europe,3,155,159,179,205,144,189
Tajikistan,2006,Europe,3,154,158,178,205,144,189
Tajikistan,2007,Europe,3,156,158,175,199,145,189
Tajikistan,2008,Europe,3,153,158,173,195,145,189
Tajikistan,2009,Europe,3,153,158,173,199,145,188
Tajikistan,2010,Europe,3,154,158,172,198,147,189
Tajikistan,2011,Europe,3,153,158,173,197,148,188
Tajikistan,2012,Europe,3,154,158,169,193,145,188
Tajikistan,2013,Europe,3,152,158,170,193,144,189
Tajikistan,2014,Europe,3,152,158,170,194,145,188
Tajikistan,2015,Europe,3,153,158,172,194,146,189
Tajikistan,2016,Europe,3,155,159,180,199,145,188
Tajikistan,2017,Europe,3,156,158,179,199,142,188
Tajikistan,2018,Europe,3,153,159,180,199,144,188
Tajikistan,2019,Europe,3,153,158,181,198,144,188
Tajikistan,2020,Europe,3,153,159,185,200,155,188
Tajikistan,2021,Europe,3,153,158,182,198,137,188
Tajikistan,2022,Europe,3,156,158,178,194,138,187
Tajikistan,2023,Europe,3,151,159,177,193,138,188
Tajikistan,2024,Europe,3,154,158,172,187,138,187
Tajikistan,2025,Europe,3,155,158,171,187,138,187
Tajikistan,2026,Europe,3,152,158,171,187,138,187
Tanzania,2000,Africa,3,191,189,187,188,190,156
Tanzania,2001,Africa,3,190,189,188,189,188,156
Tanzania,2002,Africa,3,192,189,191,187,188,156
Tanzania,2003,Africa,3,189,189,191,190,186,156
Tanzania,2004,Africa,3,191,189,189,192,185,156
Tanzania,2005,Africa,3,191,189,191,191,185,156
Tanzania,2006,Africa,3,191,189,191,195,185,156
Tanzania,2007,Africa,3,191,189,192,195,185,156
Tanzania,2008,Africa,3,189,188,192,196,182,156
Tanzania,2009,Africa,3,188,189,192,196,182,156
Tanzania,2010,Africa,3,191,188,190,199,181,156
Tanzania,2011,Africa,3,188,189,191,199,179,156
Tanzania,2012,Africa,3,189,189,190,196,179,156
Tanzania,2013,Africa,3,191,189,188,195,179,156
Tanzania,2014,Africa,3,188,189,188,196,177,156
Tanzania,2015,Africa,3,190,188,186,195,177,156
Tanzania,2016,Africa,3,191,189,185,192,179,156
Tanzania,2017,Africa,3,191,189,187,191,179,156
Tanzania,2018,Africa,3,189,188,188,192,178,156
Tanzania,2019,Africa,3,189,188,187,192,176,156
Tanzania,2020,Africa,3,191,187,183,189,167,156
Tanzania,2021,Africa,3,190,188,186,190,166,156
Tanzania,2022,Africa,3,190,188,186,190,173,156
Tanzania,2023,Africa,3,191,188,187,191,175,156
Tanzania,2024,Africa,3,190,188,187,191,176,156
Tanzania,2025,Africa,3,187,188,187,191,176,156
Tanzania,2026,Africa,3,187,188,187,191,176,156
Thailand,2000,Asia,2,141,117,107,110,100,112
Thailand,2001,Asia,2,138,116,110,117,100,113
Thailand,2002,Asia,2,139,117,110,117,98,113
Thailand,2003,Asia,2,140,117,108,117,98,113
Thailand,2004,Asia,2,140,115,112,119,102,113
Thailand,2005,Asia,2,138,116,113,123,94,113
Thailand,2006,Asia,2,138,115,112,119,90,112
Thailand,2007,Asia,2,139,115,110,119,86,112
Thailand,2008,Asia,2,140,115,110,122,84,113
Thailand,2009,Asia,2,141,116,110,123,82,112
Thailand,2010,Asia,2,137,115,105,116,79,113
Thailand,2011,Asia,2,139,116,106,122,79,113
Thailand,2012,Asia,2,140,115,104,121,79,113
Thailand,2013,Asia,2,139,116,103,120,77,113
Thailand,2014,Asia,2,140,116,104,122,76,113
Thailand,2015,Asia,2,140,116,102,117,73,113
Thailand,2016,Asia,2,140,116,98,113,71,112
Thailand,2017,Asia,2,141,115,99,111,73,112
Thailand,2018,Asia,2,140,115,99,108,73,113
Thailand,2019,Asia,2,137,116,97,105,73,113
Thailand,2020,Asia,2,141,116,92,103,63,113
Thailand,2021,Asia,2,138,115,90,110,54,112
Thailand,2022,Asia,2,141,116,108,114,94,112
Thailand,2023,Asia,2,139,115,109,115,89,112
Thailand,2024,Asia,2,139,115,109,118,90,113
Thailand,2025,Asia,2,140,116,109,118,90,113
Thailand,2026,Asia,2,138,116,109,118,90,113
Timor-Leste,2000,Asia,3,176,172,176,179,177,192
Timor-Leste,2001,Asia,3,174,173,175,170,174,193
Timor-Leste,2002,Asia,3,176,173,175,176,171,191
Timor-Leste,2003,Asia,3,174,172,176,183,171,190
Timor-Leste,2004,Asia,3,176,173,182,187,170,192
Timor-Leste,2005,Asia,3,176,172,182,190,170,192
Timor-Leste,2006,Asia,3,174,173,189,196,170,192
Timor-Leste,2007,Asia,3,175,172,187,196,169,191
Timor-Leste,2008,Asia,3,176,172,187,199,169,191
Timor-Leste,2009,Asia,3,174,172,184,197,169,192
Timor-Leste,2010,Asia,3,173,172,183,193,171,190
Timor-Leste,2011,Asia,3,176,171,183,192,171,192
Timor-Leste,2012,Asia,3,178,172,184,191,171,191
Timor-Leste,2013,Asia,3,172,171,178,187,171,190
Timor-Leste,2014,Asia,3,176,171,179,189,172,193
Timor-Leste,2015,Asia,3,177,171,177,181,169,192
Timor-Leste,2016,Asia,3,177,172,176,181,169,190
Timor-Leste,2017,Asia,3,173,172,182,185,168,191
Timor-Leste,2018,Asia,3,173,172,183,186,169,191
Timor-Leste,2019,Asia,3,178,172,177,178,169,192
Timor-Leste,2020,Asia,3,176,172,172,177,165,190
Timor-Leste,2021,Asia,3,178,172,162,159,164,191
Timor-Leste,2022,Asia,3,176,171,170,167,169,190
Timor-Leste,2023,Asia,3,176,172,179,184,167,190
Timor-Leste,2024,Asia,3,173,172,184,189,168,190
Timor-Leste,2025,Asia,3,174,171,184,189,168,189
Timor-Leste,2026,Asia,3,173,172,184,189,168,191
Togo,2000,Africa,3,159,168,185,185,187,188
Togo,2001,Africa,3,161,169,187,185,187,188
Togo,2002,Africa,3,163,168,187,182,187,188
Togo,2003,Africa,3,160,168,185,177,187,187
Togo,2004,Africa,3,160,168,186,181,188,187
Togo,2005,Africa,3,160,168,190,185,189,187
Togo,2006,Africa,3,160,168,192,189,190,187
Togo,2007,Africa,3,164,168,193,192,193,188
Togo,2008,Africa,3,160,168,193,191,192,188
Togo,2009,Africa,3,162,168,194,193,194,186
Togo,2010,Africa,3,160,168,193,197,196,185
Togo,2011,Africa,3,160,168,194,196,200,187
Togo,2012,Africa,3,161,168,195,198,202,186
Togo,2013,Africa,3,161,168,195,198,202,186
Togo,2014,Africa,3,160,168,194,198,201,186
Togo,2015,Africa,3,161,168,196,200,200,185
Togo,2016,Africa,3,161,168,194,197,201,185
Togo,2017,Africa,3,159,168,194,194,202,186
Togo,2018,Africa,3,161,168,192,195,202,185
Togo,2019,Africa,3,162,168,193,195,201,186
Togo,2020,Africa,3,160,168,193,191,202,185
Togo,2021,Africa,3,160,168,192,192,194,185
Togo,2022,Africa,3,160,168,192,192,201,184
Togo,2023,Africa,3,162,168,191,192,201,185
Togo,2024,Africa,3,160,168,191,190,201,184
Togo,2025,Africa,3,159,168,191,190,201,186
Togo,2026,Africa,3,160,168,191,190,201,185
Tonga,2000,Asia,2,134,105,109,112,119,93
Tonga,2001,Asia,2,135,106,117,124,119,93
Tonga,2002,Asia,2,133,106,119,125,121,94
Tonga,2003,Asia,2,135,107,119,130,121,93
Tonga,2004,Asia,2,137,105,119,130,121,92
Tonga,2005,Asia,2,136,106,121,129,121,94
Tonga,2006,Asia,2,136,107,123,130,122,93
Tonga,2007,Asia,2,135,105,129,138,122,93
Tonga,2008,Asia,2,134,106,130,138,122,93
Tonga,2009,Asia,2,137,107,128,137,120,93
Tonga,2010,Asia,2,136,106,131,136,123,93
Tonga,2011,Asia,2,135,105,132,136,120,92
Tonga,2012,Asia,2,136,107,132,131,121,94
Tonga,2013,Asia,2,133,106,132,135,122,93
Tonga,2014,Asia,2,136,106,133,134,123,94
Tonga,2015,Asia,2,134,106,127,130,124,94
Tonga,2016,Asia,2,137,106,127,134,124,93
Tonga,2017,Asia,2,134,105,127,132,124,93
Tonga,2018,Asia,2,136,105,128,129,126,92
Tonga,2019,Asia,2,135,105,128,127,125,94
Tonga,2020,Asia,2,137,106,122,123,116,93
Tonga,2021,Asia,2,134,106,119,127,110,92
Tonga,2022,Asia,2,137,107,128,131,127,92
Tonga,2023,Asia,2,136,106,126,130,124,92
Tonga,2024,Asia,2,136,107,128,129,124,94
Tonga,2025,Asia,2,134,106,128,129,124,93
Tonga,2026,Asia,2,136,1,128,129,124,93
Trinidad and Tobago,2000,South America,1,81,78,78,74,124,2
Trinidad and Tobago,2001,South America,1,82,77,78,73,123,3
Trinidad and Tobago,2002,South America,1,79,77,79,72,124,3
Trinidad and Tobago,2003,South America,1,82,77,77,70,124,2
Trinidad and Tobago,2004,South America,1,80,77,77,70,123,3
Trinidad and Tobago,2005,South America,1,82,76,75,67,125,3
Trinidad and Tobago,2006,South America,1,79,77,75,67,124,3
Trinidad and Tobago,2007,South America,1,78,77,73,67,123,2
Trinidad and Tobago,2008,South America,1,78,77,71,62,121,3
Trinidad and Tobago,2009,South America,1,82,76,75,68,118,3
Trinidad and Tobago,2010,South America,1,80,76,74,65,117,3
Trinidad and Tobago,2011,South America,1,79,77,73,64,117,2
Trinidad and Tobago,2012,South America,1,81,78,72,61,115,3
Trinidad and Tobago,2013,South America,1,81,76,72,61,113,3
Trinidad and Tobago,2014,South America,1,82,78,73,59,112,3
Trinidad and Tobago,2015,South America,1,78,1,73,59,117,4
Trinidad and Tobago,2016,South America,1,82,1,78,66,116,3
Trinidad and Tobago,2017,South America,1,82,1,79,69,118,3
Trinidad and Tobago,2018,South America,1,82,1,79,72,122,3
Trinidad and Tobago,2019,South America,1,82,1,79,73,120,3
Trinidad and Tobago,2020,South America,1,82,1,80,74,113,3
Trinidad and Tobago,2021,South America,1,80,1,81,74,123,4
Trinidad and Tobago,2022,South America,1,82,1,77,68,118,3
Trinidad and Tobago,2023,South America,1,82,1,82,78,119,3
Trinidad and Tobago,2024,South America,1,81,1,83,80,121,3
Trinidad and Tobago,2025,South America,1,79,1,83,80,121,3
Trinidad and Tobago,2026,South America,1,81,1,83,80,121,3
Tunisia,2000,Asia,3,178,171,108,107,83,161
Tunisia,2001,Asia,3,179,171,112,106,84,160
Tunisia,2002,Asia,3,179,170,114,108,82,161
Tunisia,2003,Asia,3,179,171,112,107,80,162
Tunisia,2004,Asia,3,179,171,113,111,80,162
Tunisia,2005,Asia,3,178,170,116,116,80,162
Tunisia,2006,Asia,3,178,170,118,120,81,161
Tunisia,2007,Asia,3,178,170,123,123,83,162
Tunisia,2008,Asia,3,179,169,126,123,86,161
Tunisia,2009,Asia,3,179,170,123,124,87,161
Tunisia,2010,Asia,3,179,170,124,127,88,160
Tunisia,2011,Asia,3,178,169,130,130,92,160
Tunisia,2012,Asia,3,179,170,133,134,93,159
Tunisia,2013,Asia,3,179,170,134,133,95,160
Tunisia,2014,Asia,3,178,170,132,133,97,160
Tunisia,2015,Asia,3,179,169,130,135,97,161
Tunisia,2016,Asia,3,179,170,132,137,96,161
Tunisia,2017,Asia,3,178,169,138,147,98,161
Tunisia,2018,Asia,3,179,170,139,146,97,161
Tunisia,2019,Asia,3,179,170,141,151,98,160
Tunisia,2020,Asia,3,178,170,138,144,90,160
Tunisia,2021,Asia,3,179,170,142,146,101,160
Tunisia,2022,Asia,3,179,169,141,149,87,160
Tunisia,2023,Asia,3,178,170,140,145,88,161
Tunisia,2024,Asia,3,178,170,139,150,88,160
Tunisia,2025,Asia,3,178,169,139,150,88,160
Tunisia,2026,Asia,3,179,170,139,150,88,160
Turkiye,2000,Europe,2,133,107,89,85,90,104
Turkiye,2001,Europe,2,134,107,96,99,88,104
Turkiye,2002,Europe,2,137,107,91,96,88,104
Turkiye,2003,Europe,2,134,106,89,88,87,104
Turkiye,2004,Europe,2,135,107,84,82,83,104
Turkiye,2005,Europe,2,133,107,83,82,84,105
Turkiye,2006,Europe,2,133,106,84,83,83,104
Turkiye,2007,Europe,2,136,107,84,82,82,104
Turkiye,2008,Europe,2,133,107,82,80,81,104
Turkiye,2009,Europe,2,133,105,82,83,81,104
Turkiye,2010,Europe,2,134,107,82,82,81,104
Turkiye,2011,Europe,2,133,107,85,82,87,104
Turkiye,2012,Europe,2,133,105,83,86,80,104
Turkiye,2013,Europe,2,136,107,81,83,76,104
Turkiye,2014,Europe,2,134,107,81,85,72,104
Turkiye,2015,Europe,2,137,105,84,83,75,104
Turkiye,2016,Europe,2,136,107,85,83,74,104
Turkiye,2017,Europe,2,133,107,84,85,71,104
Turkiye,2018,Europe,2,135,107,88,95,69,105
Turkiye,2019,Europe,2,133,107,87,97,64,104
Turkiye,2020,Europe,2,133,107,88,92,72,104
Turkiye,2021,Europe,2,133,107,86,94,68,104
Turkiye,2022,Europe,2,133,106,88,94,64,104
Turkiye,2023,Europe,2,133,107,88,90,84,104
Turkiye,2024,Europe,2,134,106,85,85,83,104
Turkiye,2025,Europe,2,136,107,85,85,83,104
Turkiye,2026,Europe,2,134,1,85,84,83,104
Turkmenistan,2000,Europe,2,121,137,153,167,143,117
Turkmenistan,2001,Europe,2,120,134,152,158,143,117
Turkmenistan,2002,Europe,2,123,138,148,150,142,117
Turkmenistan,2003,Europe,2,123,136,142,141,144,117
Turkmenistan,2004,Europe,2,124,135,143,143,144,117
Turkmenistan,2005,Europe,2,123,136,144,145,145,117
Turkmenistan,2006,Europe,2,121,134,139,147,147,117
Turkmenistan,2007,Europe,2,118,136,137,144,148,117
Turkmenistan,2008,Europe,2,118,136,134,134,147,117
Turkmenistan,2009,Europe,2,120,136,131,130,147,117
Turkmenistan,2010,Europe,2,122,134,133,131,145,117
Turkmenistan,2011,Europe,2,122,137,131,126,146,117
Turkmenistan,2012,Europe,2,121,135,129,116,147,117
Turkmenistan,2013,Europe,2,121,136,126,115,151,117
Turkmenistan,2014,Europe,2,120,137,122,108,151,117
Turkmenistan,2015,Europe,2,119,137,125,116,153,117
Turkmenistan,2016,Europe,2,120,134,128,121,151,117
Turkmenistan,2017,Europe,2,122,137,131,124,151,117
Turkmenistan,2018,Europe,2,121,137,143,144,152,117
Turkmenistan,2019,Europe,2,123,135,143,137,153,117
Turkmenistan,2020,Europe,2,124,136,141,137,152,117
Turkmenistan,2021,Europe,2,120,137,143,149,139,117
Turkmenistan,2022,Europe,2,123,136,138,132,153,117
Turkmenistan,2023,Europe,2,123,135,138,134,152,117
Turkmenistan,2024,Europe,2,121,136,138,132,153,117
Turkmenistan,2025,Europe,2,123,136,138,132,153,117
Turkmenistan,2026,Europe,2,118,135,138,132,153,117
Turks and Caicos Islands,2000,South America,1,67,1,23,5,64,24
Turks and Caicos Islands,2001,South America,1,66,1,50,45,64,24
Turks and Caicos Islands,2002,South America,1,64,1,51,47,60,24
Turks and Caicos Islands,2003,South America,1,67,1,54,52,58,23
Turks and Caicos Islands,2004,South America,1,65,1,53,51,58,24
Turks and Caicos Islands,2005,South America,1,67,1,49,49,57,24
Turks and Caicos Islands,2006,South America,1,63,1,48,42,56,24
Turks and Caicos Islands,2007,South America,1,69,1,50,47,56,21
Turks and Caicos Islands,2008,South America,1,66,1,52,46,60,24
Turks and Caicos Islands,2009,South America,1,68,1,53,52,57,24
Turks and Caicos Islands,2010,South America,1,66,1,55,55,58,22
Turks and Caicos Islands,2011,South America,1,69,1,54,46,60,22
Turks and Caicos Islands,2012,South America,1,65,1,56,52,62,21
Turks and Caicos Islands,2013,South America,1,64,1,56,53,63,21
Turks and Caicos Islands,2014,South America,1,66,1,56,51,62,23
Turks and Caicos Islands,2015,South America,1,68,1,50,47,63,23
Turks and Caicos Islands,2016,South America,1,65,1,50,42,63,24
Turks and Caicos Islands,2017,South America,1,66,1,52,48,63,22
Turks and Caicos Islands,2018,South America,1,64,1,52,47,65,24
Turks and Caicos Islands,2019,South America,1,68,1,51,47,65,22
Turks and Caicos Islands,2020,South America,1,64,1,59,58,61,22
Turks and Caicos Islands,2021,South America,1,63,1,55,55,55,24
Turks and Caicos Islands,2022,South America,1,64,1,54,51,58,21
Turks and Caicos Islands,2023,South America,1,68,1,53,47,67,24
Turks and Caicos Islands,2024,South America,1,65,1,52,46,68,22
Turks and Caicos Islands,2025,South America,1,64,1,52,46,68,24
Turks and Caicos Islands,2026,South America,1,67,1,52,46,68,23
Tuvalu,2000,Asia,2,91,116,137,128,153,120
Tuvalu,2001,Asia,2,91,117,138,130,154,120
Tuvalu,2002,Asia,2,92,116,133,126,155,120
Tuvalu,2003,Asia,2,91,116,135,126,160,121
Tuvalu,2004,Asia,2,91,116,133,128,161,121
Tuvalu,2005,Asia,2,91,115,139,131,163,121
Tuvalu,2006,Asia,2,91,116,140,136,162,121
Tuvalu,2007,Asia,2,91,116,140,137,163,120
Tuvalu,2008,Asia,2,92,116,141,140,163,121
Tuvalu,2009,Asia,2,91,115,148,143,163,121
Tuvalu,2010,Asia,2,91,116,149,141,163,120
Tuvalu,2011,Asia,2,91,115,147,139,164,120
Tuvalu,2012,Asia,2,91,116,148,142,166,121
Tuvalu,2013,Asia,2,91,115,150,147,165,121
Tuvalu,2014,Asia,2,92,115,151,146,169,120
Tuvalu,2015,Asia,2,91,115,153,145,168,121
Tuvalu,2016,Asia,2,92,115,151,138,171,121
Tuvalu,2017,Asia,2,91,116,150,135,171,121
Tuvalu,2018,Asia,2,91,116,149,132,172,120
Tuvalu,2019,Asia,2,92,115,146,125,173,120
Tuvalu,2020,Asia,2,91,115,142,122,171,119
Tuvalu,2021,Asia,2,91,116,138,118,168,120
Tuvalu,2022,Asia,2,91,115,146,127,174,121
Tuvalu,2023,Asia,2,91,116,145,135,174,120
Tuvalu,2024,Asia,2,91,116,144,133,175,121
Tuvalu,2025,Asia,2,91,115,144,133,175,120
Tuvalu,2026,Asia,2,91,115,144,133,175,120
Uganda,2000,Africa,4,194,205,187,203,202,200
Uganda,2001,Africa,4,195,205,188,208,202,200
Uganda,2002,Africa,4,195,205,192,206,201,199
Uganda,2003,Africa,4,197,205,195,208,198,200
Uganda,2004,Africa,4,196,205,197,207,195,200
Uganda,2005,Africa,4,196,206,198,206,191,199
Uganda,2006,Africa,4,194,205,198,207,191,200
Uganda,2007,Africa,4,195,207,201,209,189,199
Uganda,2008,Africa,4,196,205,203,209,187,200
Uganda,2009,Africa,4,194,207,197,190,187,200
Uganda,2010,Africa,4,196,205,195,192,186,200
Uganda,2011,Africa,4,195,206,198,195,186,200
Uganda,2012,Africa,4,196,205,197,199,186,200
Uganda,2013,Africa,4,196,205,198,199,183,199
Uganda,2014,Africa,4,196,205,196,199,181,200
Uganda,2015,Africa,4,194,205,194,197,178,199
Uganda,2016,Africa,4,194,206,196,200,178,198
Uganda,2017,Africa,4,198,205,197,203,176,200
Uganda,2018,Africa,4,194,205,195,201,175,199
Uganda,2019,Africa,4,197,205,196,201,171,199
Uganda,2020,Africa,4,197,205,196,198,170,199
Uganda,2021,Africa,4,196,205,195,202,163,199
Uganda,2022,Africa,4,194,205,196,202,165,199
Uganda,2023,Africa,4,194,205,195,199,165,198
Uganda,2024,Africa,4,194,205,194,197,166,199
Uganda,2025,Africa,4,194,205,194,197,166,199
Uganda,2026,Africa,4,194,205,194,197,166,199
Ukraine,2000,Europe,2,88,98,148,164,130,132
Ukraine,2001,Europe,2,89,98,145,157,131,133
Ukraine,2002,Europe,2,90,98,142,152,135,131
Ukraine,2003,Europe,2,90,98,139,146,137,130
Ukraine,2004,Europe,2,90,98,139,142,139,133
Ukraine,2005,Europe,2,90,98,135,139,140,130
Ukraine,2006,Europe,2,90,98,135,137,143,133
Ukraine,2007,Europe,2,90,98,133,130,143,133
Ukraine,2008,Europe,2,90,98,131,127,142,130
Ukraine,2009,Europe,2,90,98,135,145,137,131
Ukraine,2010,Europe,2,89,98,135,144,131,132
Ukraine,2011,Europe,2,88,98,134,140,127,131
Ukraine,2012,Europe,2,89,98,135,137,128,132
Ukraine,2013,Europe,2,88,98,133,136,124,133
Ukraine,2014,Europe,2,88,98,140,154,122,131
Ukraine,2015,Europe,2,88,98,146,164,119,132
Ukraine,2016,Europe,2,90,98,143,161,111,133
Ukraine,2017,Europe,2,90,98,140,158,110,132
Ukraine,2018,Europe,2,89,98,138,155,113,132
Ukraine,2019,Europe,2,88,98,130,148,111,132
Ukraine,2020,Europe,2,90,98,127,142,106,133
Ukraine,2021,Europe,2,87,98,126,130,118,133
Ukraine,2022,Europe,2,90,1,136,143,126,133
Ukraine,2023,Europe,2,90,1,129,136,120,130
Ukraine,2024,Europe,2,88,1,125,137,110,133
Ukraine,2025,Europe,2,90,1,125,137,110,133
Ukraine,2026,Europe,2,90,1,125,137,110,133
United Arab Emirates,2000,Asia,1,21,40,28,23,42,62
United Arab Emirates,2001,Asia,1,20,40,27,24,36,62
United Arab Emirates,2002,Asia,1,17,39,23,23,26,62
United Arab Emirates,2003,Asia,1,20,38,21,30,18,62
United Arab Emirates,2004,Asia,1,20,41,19,32,14,63
United Arab Emirates,2005,Asia,1,16,1,15,25,12,63
United Arab Emirates,2006,Asia,1,18,1,14,22,10,63
United Arab Emirates,2007,Asia,1,21,1,14,27,9,63
United Arab Emirates,2008,Asia,1,21,1,17,25,10,63
United Arab Emirates,2009,Asia,1,15,1,29,37,10,63
United Arab Emirates,2010,Asia,1,16,1,20,28,11,62
United Arab Emirates,2011,Asia,1,21,1,18,22,13,63
United Arab Emirates,2012,Asia,1,17,1,17,18,16,62
United Arab Emirates,2013,Asia,1,21,1,17,20,18,63
United Arab Emirates,2014,Asia,1,16,1,21,23,21,63
United Arab Emirates,2015,Asia,1,19,1,23,24,20,62
United Arab Emirates,2016,Asia,1,18,1,25,29,23,63
United Arab Emirates,2017,Asia,1,17,1,25,31,22,63
United Arab Emirates,2018,Asia,1,18,1,26,30,22,63
United Arab Emirates,2019,Asia,1,21,1,26,31,25,62
United Arab Emirates,2020,Asia,1,22,1,35,36,24,63
United Arab Emirates,2021,Asia,1,16,1,41,34,46,63
United Arab Emirates,2022,Asia,1,22,1,33,27,44,62
United Arab Emirates,2023,Asia,1,21,1,27,33,23,62
United Arab Emirates,2024,Asia,1,19,1,27,33,21,63
United Arab Emirates,2025,Asia,1,21,1,27,33,21,63
United Arab Emirates,2026,Asia,1,17,1,27,33,21,63
United Kingdom,2000,Europe,1,48,29,24,25,31,31
United Kingdom,2001,Europe,1,37,31,23,23,31,30
United Kingdom,2002,Europe,1,40,28,21,19,32,31
United Kingdom,2003,Europe,1,41,1,19,21,31,31
United Kingdom,2004,Europe,1,40,1,18,21,33,31
United Kingdom,2005,Europe,1,41,1,20,20,31,30
United Kingdom,2006,Europe,1,40,1,22,21,32,32
United Kingdom,2007,Europe,1,43,1,19,21,32,31
United Kingdom,2008,Europe,1,48,1,31,30,34,32
United Kingdom,2009,Europe,1,38,1,35,33,32,31
United Kingdom,2010,Europe,1,46,1,35,36,31,31
United Kingdom,2011,Europe,1,45,1,33,36,27,30
United Kingdom,2012,Europe,1,39,1,31,34,29,31
United Kingdom,2013,Europe,1,41,1,33,33,32,32
United Kingdom,2014,Europe,1,47,1,32,31,34,31
United Kingdom,2015,Europe,1,38,1,27,23,37,30
United Kingdom,2016,Europe,1,43,1,35,32,37,30
United Kingdom,2017,Europe,1,37,1,35,34,36,30
United Kingdom,2018,Europe,1,43,1,35,32,37,30
United Kingdom,2019,Europe,1,46,1,36,33,40,31
United Kingdom,2020,Europe,1,39,1,36,33,41,31
United Kingdom,2021,Europe,1,44,1,34,32,35,30
United Kingdom,2022,Europe,1,44,1,34,33,36,30
United Kingdom,2023,Europe,1,47,1,36,32,42,31
United Kingdom,2024,Europe,1,46,1,32,31,42,30
United Kingdom,2025,Europe,1,49,1,32,31,42,30
United Kingdom,2026,Europe,1,44,1,32,31,42,30
United States,2000,North America,1,58,37,22,20,38,73
United States,2001,North America,1,60,38,21,18,41,74
United States,2002,North America,1,53,37,17,14,42,72
United States,2003,North America,1,58,37,20,17,45,72
United States,2004,North America,1,53,37,26,18,44,72
United States,2005,North America,1,58,1,28,18,45,73
United States,2006,North America,1,58,1,29,19,47,73
United States,2007,North America,1,57,1,34,25,45,73
United States,2008,North America,1,57,1,37,28,48,72
United States,2009,North America,1,55,1,34,20,47,72
United States,2010,North America,1,59,1,34,20,48,72
United States,2011,North America,1,53,1,34,26,48,73
United States,2012,North America,1,57,1,34,21,48,72
United States,2013,North America,1,55,1,35,19,49,73
United States,2014,North America,1,56,1,35,20,51,73
United States,2015,North America,1,55,1,28,16,51,72
United States,2016,North America,1,57,1,29,15,54,72
United States,2017,North America,1,59,1,31,16,56,73
United States,2018,North America,1,53,1,31,16,56,74
United States,2019,North America,1,55,1,30,16,55,72
United States,2020,North America,1,55,1,34,12,67,72
United States,2021,North America,1,57,1,35,14,65,72
United States,2022,North America,1,54,1,28,12,67,74
United States,2023,North America,1,58,1,29,11,61,74
United States,2024,North America,1,52,1,30,11,61,73
United States,2025,North America,1,54,1,30,11,61,72
United States,2026,North America,1,58,1,30,11,61,72
Uruguay,2000,South America,1,16,62,65,73,58,64
Uruguay,2001,South America,1,18,63,69,74,57,64
Uruguay,2002,South America,1,19,60,76,86,58,64
Uruguay,2003,South America,1,18,63,81,96,61,64
Uruguay,2004,South America,1,18,61,82,99,62,64
Uruguay,2005,South America,1,12,61,78,94,59,64
Uruguay,2006,South America,1,15,63,78,92,58,64
Uruguay,2007,South America,1,10,62,78,90,59,64
Uruguay,2008,South America,1,20,63,76,87,57,64
Uruguay,2009,South America,1,11,62,71,79,58,64
Uruguay,2010,South America,1,17,1,70,74,61,64
Uruguay,2011,South America,1,14,1,69,69,64,64
Uruguay,2012,South America,1,18,1,68,69,65,64
Uruguay,2013,South America,1,13,1,65,67,66,64
Uruguay,2014,South America,1,13,1,64,68,63,64
Uruguay,2015,South America,1,10,1,67,68,64,64
Uruguay,2016,South America,1,17,1,67,69,66,64
Uruguay,2017,South America,1,18,1,65,64,62,64
Uruguay,2018,South America,1,21,1,65,67,67,64
Uruguay,2019,South America,1,14,1,66,71,67,64
Uruguay,2020,South America,1,20,1,65,72,53,64
Uruguay,2021,South America,1,18,1,73,71,70,64
Uruguay,2022,South America,1,13,1,69,66,82,64
Uruguay,2023,South America,1,18,1,66,63,63,64
Uruguay,2024,South America,1,11,1,69,66,65,64
Uruguay,2025,South America,1,16,1,69,66,65,64
Uruguay,2026,South America,1,16,1,69,66,65,64
Uzbekistan,2000,Europe,3,153,151,160,173,141,176
Uzbekistan,2001,Europe,3,152,151,161,182,141,177
Uzbekistan,2002,Europe,3,155,151,165,192,140,176
Uzbekistan,2003,Europe,3,152,151,168,193,141,176
Uzbekistan,2004,Europe,3,154,151,168,190,140,176
Uzbekistan,2005,Europe,3,154,151,166,187,141,176
Uzbekistan,2006,Europe,3,155,150,165,186,138,176
Uzbekistan,2007,Europe,3,154,151,163,186,137,176
Uzbekistan,2008,Europe,3,150,151,162,180,134,177
Uzbekistan,2009,Europe,3,152,150,158,172,132,177
Uzbekistan,2010,Europe,3,153,150,155,159,134,176
Uzbekistan,2011,Europe,3,155,151,154,159,133,176
Uzbekistan,2012,Europe,3,152,151,153,160,133,176
Uzbekistan,2013,Europe,3,151,151,151,157,133,177
Uzbekistan,2014,Europe,3,155,150,149,156,132,176
Uzbekistan,2015,Europe,3,151,151,148,150,127,176
Uzbekistan,2016,Europe,3,152,151,149,151,129,176
Uzbekistan,2017,Europe,3,153,150,156,163,129,176
Uzbekistan,2018,Europe,3,155,151,159,173,129,176
Uzbekistan,2019,Europe,3,152,151,158,170,128,176
Uzbekistan,2020,Europe,3,156,151,155,165,126,176
Uzbekistan,2021,Europe,3,150,151,153,167,115,175
Uzbekistan,2022,Europe,3,151,150,157,163,132,176
Uzbekistan,2023,Europe,3,156,151,156,159,130,176
Uzbekistan,2024,Europe,3,150,150,154,159,131,175
Uzbekistan,2025,Europe,3,151,151,154,159,131,176
Uzbekistan,2026,Europe,3,150,151,154,159,131,176
Vanuatu,2000,Asia,3,188,160,135,132,125,170
Vanuatu,2001,Asia,3,185,160,136,136,124,169
Vanuatu,2002,Asia,3,182,160,140,136,125,170
Vanuatu,2003,Asia,3,185,160,137,137,126,169
Vanuatu,2004,Asia,3,183,160,137,138,128,169
Vanuatu,2005,Asia,3,185,160,141,140,129,170
Vanuatu,2006,Asia,3,184,160,143,146,130,169
Vanuatu,2007,Asia,3,187,160,143,145,131,169
Vanuatu,2008,Asia,3,185,160,146,147,133,169
Vanuatu,2009,Asia,3,187,160,146,147,134,169
Vanuatu,2010,Asia,3,187,160,148,147,137,169
Vanuatu,2011,Asia,3,187,160,149,150,137,169
Vanuatu,2012,Asia,3,185,160,150,152,140,169
Vanuatu,2013,Asia,3,186,160,148,149,142,168
Vanuatu,2014,Asia,3,186,160,148,149,142,168
Vanuatu,2015,Asia,3,186,160,151,149,141,169
Vanuatu,2016,Asia,3,185,160,152,146,142,170
Vanuatu,2017,Asia,3,187,160,151,148,143,169
Vanuatu,2018,Asia,3,183,160,151,147,145,169
Vanuatu,2019,Asia,3,186,160,150,147,145,170
Vanuatu,2020,Asia,3,184,160,150,149,139,169
Vanuatu,2021,Asia,3,185,160,150,152,132,169
Vanuatu,2022,Asia,3,182,160,151,151,142,169
Vanuatu,2023,Asia,3,188,160,153,152,142,169
Vanuatu,2024,Asia,3,184,160,152,153,141,169
Vanuatu,2025,Asia,3,183,160,152,153,141,169
Vanuatu,2026,Asia,3,183,160,152,153,141,169
"Venezuela, RB",2000,South America,3,183,175,94,81,86,194
"Venezuela, RB",2001,South America,3,187,175,97,81,108,192
"Venezuela, RB",2002,South America,3,186,175,100,95,87,194
"Venezuela, RB",2003,South America,3,190,176,110,100,101,194
"Venezuela, RB",2004,South America,3,188,175,106,97,91,193
"Venezuela, RB",2005,South America,3,188,176,104,90,91,194
"Venezuela, RB",2006,South America,3,190,176,101,87,96,194
"Venezuela, RB",2007,South America,3,188,176,100,86,93,193
"Venezuela, RB",2008,South America,3,188,175,99,79,104,194
"Venezuela, RB",2009,South America,3,189,175,96,76,107,193
"Venezuela, RB",2010,South America,3,184,176,91,72,107,192
"Venezuela, RB",2011,South America,3,185,175,103,84,107,193
"Venezuela, RB",2012,South America,3,183,174,102,81,110,193
"Venezuela, RB",2013,South America,3,184,174,116,97,110,193
"Venezuela, RB",2014,South America,3,189,174,123,111,113,192
"Venezuela, RB",2015,South America,3,185,174,137,131,112,191
"Venezuela, RB",2016,South America,3,189,175,142,140,123,193
"Venezuela, RB",2017,South America,3,188,174,146,144,126,193
"Venezuela, RB",2018,South America,3,186,175,148,151,124,192
"Venezuela, RB",2019,South America,3,185,175,154,160,121,193
"Venezuela, RB",2020,South America,3,189,174,161,180,117,193
"Venezuela, RB",2021,South America,3,186,175,156,176,120,193
"Venezuela, RB",2022,South America,3,189,175,153,157,128,192
"Venezuela, RB",2023,South America,3,187,175,149,153,129,193
"Venezuela, RB",2024,South America,3,186,174,148,148,129,192
"Venezuela, RB",2025,South America,3,189,174,148,148,129,192
"Venezuela, RB",2026,South America,3,188,174,148,148,129,192
Viet Nam,2000,Asia,2,104,129,146,187,80,121
Viet Nam,2001,Asia,2,107,131,146,186,80,121
Viet Nam,2002,Asia,2,108,130,146,184,79,121
Viet Nam,2003,Asia,2,109,130,147,184,84,120
Viet Nam,2004,Asia,2,108,130,147,184,86,120
Viet Nam,2005,Asia,2,108,130,147,182,88,120
Viet Nam,2006,Asia,2,108,129,149,183,91,120
Viet Nam,2007,Asia,2,106,129,149,180,92,121
Viet Nam,2008,Asia,2,107,130,145,175,95,120
Viet Nam,2009,Asia,2,109,129,144,171,95,120
Viet Nam,2010,Asia,2,109,129,142,164,97,121
Viet Nam,2011,Asia,2,106,129,143,163,100,121
Viet Nam,2012,Asia,2,108,130,141,161,105,120
Viet Nam,2013,Asia,2,107,129,139,161,106,120
Viet Nam,2014,Asia,2,110,129,138,161,105,121
Viet Nam,2015,Asia,2,108,129,136,158,107,120
Viet Nam,2016,Asia,2,110,129,134,156,108,120
Viet Nam,2017,Asia,2,109,129,134,155,109,120
Viet Nam,2018,Asia,2,109,129,132,153,107,121
Viet Nam,2019,Asia,2,110,131,133,153,108,121
Viet Nam,2020,Asia,2,109,129,121,146,85,121
Viet Nam,2021,Asia,2,108,130,125,150,83,121
Viet Nam,2022,Asia,2,107,129,131,144,102,120
Viet Nam,2023,Asia,2,106,130,132,142,108,121
Viet Nam,2024,Asia,2,107,129,131,142,108,120
Viet Nam,2025,Asia,2,106,128,131,142,108,121
Viet Nam,2026,Asia,2,106,128,131,142,108,121
Virgin Islands (U.S.),2000,South America,1,45,60,12,5,39,82
Virgin Islands (U.S.),2001,South America,1,45,60,10,5,35,83
Virgin Islands (U.S.),2002,South America,1,48,61,26,20,39,83
Virgin Islands (U.S.),2003,South America,1,49,61,33,25,39,82
Virgin Islands (U.S.),2004,South America,1,47,60,35,29,39,83
Virgin Islands (U.S.),2005,South America,1,45,59,32,23,47,83
Virgin Islands (U.S.),2006,South America,1,44,60,33,27,41,81
Virgin Islands (U.S.),2007,South America,1,48,60,40,31,53,81
Virgin Islands (U.S.),2008,South America,1,49,59,44,39,53,83
Virgin Islands (U.S.),2009,South America,1,47,1,41,35,52,81
Virgin Islands (U.S.),2010,South America,1,47,1,41,35,51,80
Virgin Islands (U.S.),2011,South America,1,48,1,41,37,49,82
Virgin Islands (U.S.),2012,South America,1,49,1,41,38,49,83
Virgin Islands (U.S.),2013,South America,1,48,1,43,42,50,83
Virgin Islands (U.S.),2014,South America,1,44,1,43,44,50,82
Virgin Islands (U.S.),2015,South America,1,48,1,41,40,50,83
Virgin Islands (U.S.),2016,South America,1,47,1,41,40,50,81
Virgin Islands (U.S.),2017,South America,1,40,1,41,39,48,81
Virgin Islands (U.S.),2018,South America,1,44,1,41,39,50,83
Virgin Islands (U.S.),2019,South America,1,49,1,42,39,51,80
Virgin Islands (U.S.),2020,South America,1,48,1,39,34,44,83
Virgin Islands (U.S.),2021,South America,1,45,1,39,36,42,83
Virgin Islands (U.S.),2022,South America,1,49,1,38,34,46,80
Virgin Islands (U.S.),2023,South America,1,48,1,41,36,49,83
Virgin Islands (U.S.),2024,South America,1,45,1,42,36,49,83
Virgin Islands (U.S.),2025,South America,1,44,1,42,36,49,83
Virgin Islands (U.S.),2026,South America,1,49,1,42,36,49,83
West Bank and Gaza,2000,Asia,3,151,186,131,131,114,190
West Bank and Gaza,2001,Asia,3,150,187,134,137,121,190
West Bank and Gaza,2002,Asia,3,150,184,136,142,112,190
West Bank and Gaza,2003,Asia,3,149,187,138,140,114,191
West Bank and Gaza,2004,Asia,3,149,187,138,141,114,190
West Bank and Gaza,2005,Asia,3,151,185,138,148,107,190
West Bank and Gaza,2006,Asia,3,150,186,142,151,110,190
West Bank and Gaza,2007,Asia,3,153,185,146,154,109,190
West Bank and Gaza,2008,Asia,3,151,185,143,154,110,190
West Bank and Gaza,2009,Asia,3,151,187,140,151,109,189
West Bank and Gaza,2010,Asia,3,152,187,141,153,103,188
West Bank and Gaza,2011,Asia,3,152,187,144,153,104,189
West Bank and Gaza,2012,Asia,3,151,186,143,150,106,189
West Bank and Gaza,2013,Asia,3,153,186,140,152,101,188
West Bank and Gaza,2014,Asia,3,149,185,145,150,115,189
West Bank and Gaza,2015,Asia,3,152,187,139,148,100,188
West Bank and Gaza,2016,Asia,3,150,186,135,143,97,189
West Bank and Gaza,2017,Asia,3,154,185,137,146,96,189
West Bank and Gaza,2018,Asia,3,152,186,141,149,96,190
West Bank and Gaza,2019,Asia,3,151,184,136,146,93,189
West Bank and Gaza,2020,Asia,3,155,185,139,152,92,189
West Bank and Gaza,2021,Asia,3,154,186,140,151,88,189
West Bank and Gaza,2022,Asia,3,153,185,139,147,79,188
West Bank and Gaza,2023,Asia,3,150,185,164,154,189,189
West Bank and Gaza,2024,Asia,3,152,184,163,160,160,188
West Bank and Gaza,2025,Asia,3,150,185,163,160,160,188
West Bank and Gaza,2026,Asia,3,153,185,163,160,160,188
"Yemen, Rep.",2000,Asia,4,197,194,177,178,156,187
"Yemen, Rep.",2001,Asia,4,196,192,176,179,158,187
"Yemen, Rep.",2002,Asia,4,198,194,176,178,156,187
"Yemen, Rep.",2003,Asia,4,198,193,177,181,154,186
"Yemen, Rep.",2004,Asia,4,198,193,175,178,154,188
"Yemen, Rep.",2005,Asia,4,198,193,176,180,152,188
"Yemen, Rep.",2006,Asia,4,195,193,177,181,153,188
"Yemen, Rep.",2007,Asia,4,197,195,178,182,151,187
"Yemen, Rep.",2008,Asia,4,195,193,175,181,152,186
"Yemen, Rep.",2009,Asia,4,197,192,179,184,153,187
"Yemen, Rep.",2010,Asia,4,197,193,177,180,154,186
"Yemen, Rep.",2011,Asia,4,196,193,181,185,155,186
"Yemen, Rep.",2012,Asia,4,195,193,183,181,154,187
"Yemen, Rep.",2013,Asia,4,195,194,181,179,154,187
"Yemen, Rep.",2014,Asia,4,198,192,181,179,154,187
"Yemen, Rep.",2015,Asia,4,198,195,184,179,157,187
"Yemen, Rep.",2016,Asia,4,197,192,189,191,157,187
"Yemen, Rep.",2017,Asia,4,196,193,189,200,158,187
"Yemen, Rep.",2018,Asia,4,198,192,199,208,171,184
"Yemen, Rep.",2019,Asia,4,195,192,199,208,168,187
"Yemen, Rep.",2020,Asia,4,198,195,198,205,169,186
"Yemen, Rep.",2021,Asia,4,198,193,198,206,167,187
"Yemen, Rep.",2022,Asia,4,198,193,199,208,161,186
"Yemen, Rep.",2023,Asia,4,195,192,198,208,156,187
"Yemen, Rep.",2024,Asia,4,198,193,197,208,156,186
"Yemen, Rep.",2025,Asia,4,196,192,197,208,156,184
"Yemen, Rep.",2026,Asia,4,196,192,197,208,156,186
Zambia,2000,Africa,3,186,188,187,193,213,172
Zambia,2001,Africa,3,184,188,188,190,210,172
Zambia,2002,Africa,3,188,188,192,189,208,172
Zambia,2003,Africa,3,186,188,195,186,209,171
Zambia,2004,Africa,3,187,188,197,185,210,171
Zambia,2005,Africa,3,190,188,194,181,209,172
Zambia,2006,Africa,3,187,188,190,170,209,171
Zambia,2007,Africa,3,185,188,190,171,207,172
Zambia,2008,Africa,3,191,189,189,172,206,172
Zambia,2009,Africa,3,184,188,190,176,203,171
Zambia,2010,Africa,3,188,189,186,170,201,171
Zambia,2011,Africa,3,190,188,185,168,196,171
Zambia,2012,Africa,3,184,188,186,168,195,171
Zambia,2013,Africa,3,189,188,184,168,195,171
Zambia,2014,Africa,3,187,188,185,171,194,172
Zambia,2015,Africa,3,189,189,187,183,193,172
Zambia,2016,Africa,3,190,188,187,184,192,172
Zambia,2017,Africa,3,185,187,186,180,193,171
Zambia,2018,Africa,3,191,187,186,182,193,172
Zambia,2019,Africa,3,191,187,189,186,193,172
Zambia,2020,Africa,3,186,188,189,193,188,172
Zambia,2021,Africa,3,191,187,189,191,189,171
Zambia,2022,Africa,3,188,187,185,185,184,171
Zambia,2023,Africa,3,189,187,185,189,180,171
Zambia,2024,Africa,3,189,187,189,192,181,171
Zambia,2025,Africa,3,186,187,189,192,181,172
Zambia,2026,Africa,3,191,187,189,192,181,171
Zimbabwe,2000,Africa,3,171,174,187,172,216,164
Zimbabwe,2001,Africa,3,168,174,188,172,217,164
Zimbabwe,2002,Africa,3,167,174,192,177,216,164
Zimbabwe,2003,Africa,3,168,174,195,185,215,164
Zimbabwe,2004,Africa,3,167,174,197,188,215,164
Zimbabwe,2005,Africa,3,167,174,198,199,215,164
Zimbabwe,2006,Africa,3,168,174,198,204,215,163
Zimbabwe,2007,Africa,3,169,174,201,208,215,164
Zimbabwe,2008,Africa,3,170,174,205,215,215,164
Zimbabwe,2009,Africa,3,167,174,204,195,215,164
Zimbabwe,2010,Africa,3,168,173,199,190,210,163
Zimbabwe,2011,Africa,3,167,173,196,191,210,163
Zimbabwe,2012,Africa,3,167,173,193,182,210,163
Zimbabwe,2013,Africa,3,168,173,192,181,210,163
Zimbabwe,2014,Africa,3,167,173,191,181,205,163
Zimbabwe,2015,Africa,3,168,173,189,177,202,164
Zimbabwe,2016,Africa,3,171,173,188,179,200,164
Zimbabwe,2017,Africa,3,167,173,167,150,200,164
Zimbabwe,2018,Africa,3,168,173,179,164,200,164
Zimbabwe,2019,Africa,3,167,173,183,167,202,164
Zimbabwe,2020,Africa,3,169,173,179,168,196,163
Zimbabwe,2021,Africa,3,167,173,179,160,204,164
Zimbabwe,2022,Africa,3,167,173,180,165,200,164
Zimbabwe,2023,Africa,3,167,173,182,171,200,163
Zimbabwe,2024,Africa,3,168,173,180,170,200,163
Zimbabwe,2025,Africa,3,170,173,180,170,200,163
Zimbabwe,2026,Africa,3,167,173,180,170,200,163
